 ⨯ Failed to start server
Error: listen EADDRINUSE: address already in use :::3000
    at <unknown> (Error: listen EADDRINUSE: address already in use :::3000)
    at new Promise (<anonymous>) {
  code: 'EADDRINUSE',
  errno: -48,
  syscall: 'listen',
  address: '::',
  port: 3000
}
[?25h
 ⨯ Failed to start server
Error: listen EADDRINUSE: address already in use :::3000
    at <unknown> (Error: listen EADDRINUSE: address already in use :::3000)
    at new Promise (<anonymous>) {
  code: 'EADDRINUSE',
  errno: -48,
  syscall: 'listen',
  address: '::',
  port: 3000
}
[?25h
 ⨯ Failed to start server
Error: listen EADDRINUSE: address already in use :::3000
    at <unknown> (Error: listen EADDRINUSE: address already in use :::3000)
    at new Promise (<anonymous>) {
  code: 'EADDRINUSE',
  errno: -48,
  syscall: 'listen',
  address: '::',
  port: 3000
}
[?25h
 ⨯ Failed to start server
Error: listen EADDRINUSE: address already in use :::3000
    at <unknown> (Error: listen EADDRINUSE: address already in use :::3000)
    at new Promise (<anonymous>) {
  code: 'EADDRINUSE',
  errno: -48,
  syscall: 'listen',
  address: '::',
  port: 3000
}
[?25h
 ⨯ Failed to start server
Error: listen EADDRINUSE: address already in use :::3000
    at <unknown> (Error: listen EADDRINUSE: address already in use :::3000)
    at new Promise (<anonymous>) {
  code: 'EADDRINUSE',
  errno: -48,
  syscall: 'listen',
  address: '::',
  port: 3000
}
[?25h
 ⨯ Failed to start server
Error: listen EADDRINUSE: address already in use :::3000
    at <unknown> (Error: listen EADDRINUSE: address already in use :::3000)
    at new Promise (<anonymous>) {
  code: 'EADDRINUSE',
  errno: -48,
  syscall: 'listen',
  address: '::',
  port: 3000
}
[?25h
 ⨯ Failed to start server
Error: listen EADDRINUSE: address already in use :::3000
    at <unknown> (Error: listen EADDRINUSE: address already in use :::3000)
    at new Promise (<anonymous>) {
  code: 'EADDRINUSE',
  errno: -48,
  syscall: 'listen',
  address: '::',
  port: 3000
}
[?25h
 ⨯ Failed to start server
Error: listen EADDRINUSE: address already in use :::3000
    at <unknown> (Error: listen EADDRINUSE: address already in use :::3000)
    at new Promise (<anonymous>) {
  code: 'EADDRINUSE',
  errno: -48,
  syscall: 'listen',
  address: '::',
  port: 3000
}
[?25h
 ⨯ Failed to start server
Error: listen EADDRINUSE: address already in use :::3000
    at <unknown> (Error: listen EADDRINUSE: address already in use :::3000)
    at new Promise (<anonymous>) {
  code: 'EADDRINUSE',
  errno: -48,
  syscall: 'listen',
  address: '::',
  port: 3000
}
[?25h
 ⨯ Failed to start server
Error: listen EADDRINUSE: address already in use :::3000
    at <unknown> (Error: listen EADDRINUSE: address already in use :::3000)
    at new Promise (<anonymous>) {
  code: 'EADDRINUSE',
  errno: -48,
  syscall: 'listen',
  address: '::',
  port: 3000
}
[?25h
 ⨯ Failed to start server
Error: listen EADDRINUSE: address already in use :::3000
    at <unknown> (Error: listen EADDRINUSE: address already in use :::3000)
    at new Promise (<anonymous>) {
  code: 'EADDRINUSE',
  errno: -48,
  syscall: 'listen',
  address: '::',
  port: 3000
}
[?25h
 ⨯ Failed to start server
Error: listen EADDRINUSE: address already in use :::3000
    at <unknown> (Error: listen EADDRINUSE: address already in use :::3000)
    at new Promise (<anonymous>) {
  code: 'EADDRINUSE',
  errno: -48,
  syscall: 'listen',
  address: '::',
  port: 3000
}
[?25h
 ⨯ Failed to start server
Error: listen EADDRINUSE: address already in use :::3000
    at <unknown> (Error: listen EADDRINUSE: address already in use :::3000)
    at new Promise (<anonymous>) {
  code: 'EADDRINUSE',
  errno: -48,
  syscall: 'listen',
  address: '::',
  port: 3000
}
[?25h
 ⨯ Failed to start server
Error: listen EADDRINUSE: address already in use :::3000
    at <unknown> (Error: listen EADDRINUSE: address already in use :::3000)
    at new Promise (<anonymous>) {
  code: 'EADDRINUSE',
  errno: -48,
  syscall: 'listen',
  address: '::',
  port: 3000
}
[?25h
 ⨯ Failed to start server
Error: listen EADDRINUSE: address already in use :::3000
    at <unknown> (Error: listen EADDRINUSE: address already in use :::3000)
    at new Promise (<anonymous>) {
  code: 'EADDRINUSE',
  errno: -48,
  syscall: 'listen',
  address: '::',
  port: 3000
}
[?25h
 ⨯ Failed to start server
Error: listen EADDRINUSE: address already in use :::3000
    at <unknown> (Error: listen EADDRINUSE: address already in use :::3000)
    at new Promise (<anonymous>) {
  code: 'EADDRINUSE',
  errno: -48,
  syscall: 'listen',
  address: '::',
  port: 3000
}
[?25h
 ⨯ Failed to start server
Error: listen EADDRINUSE: address already in use :::3000
    at <unknown> (Error: listen EADDRINUSE: address already in use :::3000)
    at new Promise (<anonymous>) {
  code: 'EADDRINUSE',
  errno: -48,
  syscall: 'listen',
  address: '::',
  port: 3000
}
[?25h
 ⨯ Failed to start server
Error: listen EADDRINUSE: address already in use :::3000
    at <unknown> (Error: listen EADDRINUSE: address already in use :::3000)
    at new Promise (<anonymous>) {
  code: 'EADDRINUSE',
  errno: -48,
  syscall: 'listen',
  address: '::',
  port: 3000
}
[?25h
 ⨯ Failed to start server
Error: listen EADDRINUSE: address already in use :::3000
    at <unknown> (Error: listen EADDRINUSE: address already in use :::3000)
    at new Promise (<anonymous>) {
  code: 'EADDRINUSE',
  errno: -48,
  syscall: 'listen',
  address: '::',
  port: 3000
}
[?25h
 ⨯ Failed to start server
Error: listen EADDRINUSE: address already in use :::3000
    at <unknown> (Error: listen EADDRINUSE: address already in use :::3000)
    at new Promise (<anonymous>) {
  code: 'EADDRINUSE',
  errno: -48,
  syscall: 'listen',
  address: '::',
  port: 3000
}
[?25h
 ⨯ Failed to start server
Error: listen EADDRINUSE: address already in use :::3000
    at <unknown> (Error: listen EADDRINUSE: address already in use :::3000)
    at new Promise (<anonymous>) {
  code: 'EADDRINUSE',
  errno: -48,
  syscall: 'listen',
  address: '::',
  port: 3000
}
[?25h
 ⨯ Failed to start server
Error: listen EADDRINUSE: address already in use :::3000
    at <unknown> (Error: listen EADDRINUSE: address already in use :::3000)
    at new Promise (<anonymous>) {
  code: 'EADDRINUSE',
  errno: -48,
  syscall: 'listen',
  address: '::',
  port: 3000
}
[?25h
 ⨯ Failed to start server
Error: listen EADDRINUSE: address already in use :::3000
    at <unknown> (Error: listen EADDRINUSE: address already in use :::3000)
    at new Promise (<anonymous>) {
  code: 'EADDRINUSE',
  errno: -48,
  syscall: 'listen',
  address: '::',
  port: 3000
}
[?25h
 ⨯ Failed to start server
Error: listen EADDRINUSE: address already in use :::3000
    at <unknown> (Error: listen EADDRINUSE: address already in use :::3000)
    at new Promise (<anonymous>) {
  code: 'EADDRINUSE',
  errno: -48,
  syscall: 'listen',
  address: '::',
  port: 3000
}
[?25h
 ⨯ Failed to start server
Error: listen EADDRINUSE: address already in use :::3000
    at <unknown> (Error: listen EADDRINUSE: address already in use :::3000)
    at new Promise (<anonymous>) {
  code: 'EADDRINUSE',
  errno: -48,
  syscall: 'listen',
  address: '::',
  port: 3000
}
[?25h
 ⨯ Failed to start server
Error: listen EADDRINUSE: address already in use :::3000
    at <unknown> (Error: listen EADDRINUSE: address already in use :::3000)
    at new Promise (<anonymous>) {
  code: 'EADDRINUSE',
  errno: -48,
  syscall: 'listen',
  address: '::',
  port: 3000
}
[?25h
 ⨯ Failed to start server
Error: listen EADDRINUSE: address already in use :::3000
    at <unknown> (Error: listen EADDRINUSE: address already in use :::3000)
    at new Promise (<anonymous>) {
  code: 'EADDRINUSE',
  errno: -48,
  syscall: 'listen',
  address: '::',
  port: 3000
}
[?25h
 ⨯ Failed to start server
Error: listen EADDRINUSE: address already in use :::3000
    at <unknown> (Error: listen EADDRINUSE: address already in use :::3000)
    at new Promise (<anonymous>) {
  code: 'EADDRINUSE',
  errno: -48,
  syscall: 'listen',
  address: '::',
  port: 3000
}
[?25h
 ⨯ Failed to start server
Error: listen EADDRINUSE: address already in use :::3000
    at <unknown> (Error: listen EADDRINUSE: address already in use :::3000)
    at new Promise (<anonymous>) {
  code: 'EADDRINUSE',
  errno: -48,
  syscall: 'listen',
  address: '::',
  port: 3000
}
[?25h
 ⨯ Failed to start server
Error: listen EADDRINUSE: address already in use :::3000
    at <unknown> (Error: listen EADDRINUSE: address already in use :::3000)
    at new Promise (<anonymous>) {
  code: 'EADDRINUSE',
  errno: -48,
  syscall: 'listen',
  address: '::',
  port: 3000
}
[?25h
 ⨯ Failed to start server
Error: listen EADDRINUSE: address already in use :::3000
    at <unknown> (Error: listen EADDRINUSE: address already in use :::3000)
    at new Promise (<anonymous>) {
  code: 'EADDRINUSE',
  errno: -48,
  syscall: 'listen',
  address: '::',
  port: 3000
}
[?25h
 ⨯ Failed to start server
Error: listen EADDRINUSE: address already in use :::3000
    at <unknown> (Error: listen EADDRINUSE: address already in use :::3000)
    at new Promise (<anonymous>) {
  code: 'EADDRINUSE',
  errno: -48,
  syscall: 'listen',
  address: '::',
  port: 3000
}
[?25h
 ⨯ Failed to start server
Error: listen EADDRINUSE: address already in use :::3000
    at <unknown> (Error: listen EADDRINUSE: address already in use :::3000)
    at new Promise (<anonymous>) {
  code: 'EADDRINUSE',
  errno: -48,
  syscall: 'listen',
  address: '::',
  port: 3000
}
[?25h
 ⨯ Failed to start server
Error: listen EADDRINUSE: address already in use :::3000
    at <unknown> (Error: listen EADDRINUSE: address already in use :::3000)
    at new Promise (<anonymous>) {
  code: 'EADDRINUSE',
  errno: -48,
  syscall: 'listen',
  address: '::',
  port: 3000
}
[?25h
 ⨯ Failed to start server
Error: listen EADDRINUSE: address already in use :::3000
    at <unknown> (Error: listen EADDRINUSE: address already in use :::3000)
    at new Promise (<anonymous>) {
  code: 'EADDRINUSE',
  errno: -48,
  syscall: 'listen',
  address: '::',
  port: 3000
}
[?25h
 ⨯ Failed to start server
Error: listen EADDRINUSE: address already in use :::3000
    at <unknown> (Error: listen EADDRINUSE: address already in use :::3000)
    at new Promise (<anonymous>) {
  code: 'EADDRINUSE',
  errno: -48,
  syscall: 'listen',
  address: '::',
  port: 3000
}
[?25h
 ⨯ Failed to start server
Error: listen EADDRINUSE: address already in use :::3000
    at <unknown> (Error: listen EADDRINUSE: address already in use :::3000)
    at new Promise (<anonymous>) {
  code: 'EADDRINUSE',
  errno: -48,
  syscall: 'listen',
  address: '::',
  port: 3000
}
[?25h
 ⨯ Failed to start server
Error: listen EADDRINUSE: address already in use :::3000
    at <unknown> (Error: listen EADDRINUSE: address already in use :::3000)
    at new Promise (<anonymous>) {
  code: 'EADDRINUSE',
  errno: -48,
  syscall: 'listen',
  address: '::',
  port: 3000
}
[?25h
 ⨯ Failed to start server
Error: listen EADDRINUSE: address already in use :::3000
    at <unknown> (Error: listen EADDRINUSE: address already in use :::3000)
    at new Promise (<anonymous>) {
  code: 'EADDRINUSE',
  errno: -48,
  syscall: 'listen',
  address: '::',
  port: 3000
}
[?25h
 ⨯ Failed to start server
Error: listen EADDRINUSE: address already in use :::3000
    at <unknown> (Error: listen EADDRINUSE: address already in use :::3000)
    at new Promise (<anonymous>) {
  code: 'EADDRINUSE',
  errno: -48,
  syscall: 'listen',
  address: '::',
  port: 3000
}
[?25h
 ⨯ Failed to start server
Error: listen EADDRINUSE: address already in use :::3000
    at <unknown> (Error: listen EADDRINUSE: address already in use :::3000)
    at new Promise (<anonymous>) {
  code: 'EADDRINUSE',
  errno: -48,
  syscall: 'listen',
  address: '::',
  port: 3000
}
[?25h
 ⨯ Failed to start server
Error: listen EADDRINUSE: address already in use :::3000
    at <unknown> (Error: listen EADDRINUSE: address already in use :::3000)
    at new Promise (<anonymous>) {
  code: 'EADDRINUSE',
  errno: -48,
  syscall: 'listen',
  address: '::',
  port: 3000
}
[?25h
 ⨯ Failed to start server
Error: listen EADDRINUSE: address already in use :::3000
    at <unknown> (Error: listen EADDRINUSE: address already in use :::3000)
    at new Promise (<anonymous>) {
  code: 'EADDRINUSE',
  errno: -48,
  syscall: 'listen',
  address: '::',
  port: 3000
}
[?25h
 ⨯ Failed to start server
Error: listen EADDRINUSE: address already in use :::3000
    at <unknown> (Error: listen EADDRINUSE: address already in use :::3000)
    at new Promise (<anonymous>) {
  code: 'EADDRINUSE',
  errno: -48,
  syscall: 'listen',
  address: '::',
  port: 3000
}
[?25h
 ⨯ Failed to start server
Error: listen EADDRINUSE: address already in use :::3000
    at <unknown> (Error: listen EADDRINUSE: address already in use :::3000)
    at new Promise (<anonymous>) {
  code: 'EADDRINUSE',
  errno: -48,
  syscall: 'listen',
  address: '::',
  port: 3000
}
[?25h
 ⨯ Failed to start server
Error: listen EADDRINUSE: address already in use :::3000
    at <unknown> (Error: listen EADDRINUSE: address already in use :::3000)
    at new Promise (<anonymous>) {
  code: 'EADDRINUSE',
  errno: -48,
  syscall: 'listen',
  address: '::',
  port: 3000
}
[?25h
 ⨯ Failed to start server
Error: listen EADDRINUSE: address already in use :::3000
    at <unknown> (Error: listen EADDRINUSE: address already in use :::3000)
    at new Promise (<anonymous>) {
  code: 'EADDRINUSE',
  errno: -48,
  syscall: 'listen',
  address: '::',
  port: 3000
}
[?25h
 ⨯ Failed to start server
Error: listen EADDRINUSE: address already in use :::3000
    at <unknown> (Error: listen EADDRINUSE: address already in use :::3000)
    at new Promise (<anonymous>) {
  code: 'EADDRINUSE',
  errno: -48,
  syscall: 'listen',
  address: '::',
  port: 3000
}
[?25h
 ⨯ Failed to start server
Error: listen EADDRINUSE: address already in use :::3000
    at <unknown> (Error: listen EADDRINUSE: address already in use :::3000)
    at new Promise (<anonymous>) {
  code: 'EADDRINUSE',
  errno: -48,
  syscall: 'listen',
  address: '::',
  port: 3000
}
[?25h
 ⨯ Failed to start server
Error: listen EADDRINUSE: address already in use :::3000
    at <unknown> (Error: listen EADDRINUSE: address already in use :::3000)
    at new Promise (<anonymous>) {
  code: 'EADDRINUSE',
  errno: -48,
  syscall: 'listen',
  address: '::',
  port: 3000
}
[?25h
 ⨯ Failed to start server
Error: listen EADDRINUSE: address already in use :::3000
    at <unknown> (Error: listen EADDRINUSE: address already in use :::3000)
    at new Promise (<anonymous>) {
  code: 'EADDRINUSE',
  errno: -48,
  syscall: 'listen',
  address: '::',
  port: 3000
}
[?25h
 ⨯ Failed to start server
Error: listen EADDRINUSE: address already in use :::3000
    at <unknown> (Error: listen EADDRINUSE: address already in use :::3000)
    at new Promise (<anonymous>) {
  code: 'EADDRINUSE',
  errno: -48,
  syscall: 'listen',
  address: '::',
  port: 3000
}
[?25h
 ⨯ Failed to start server
Error: listen EADDRINUSE: address already in use :::3000
    at <unknown> (Error: listen EADDRINUSE: address already in use :::3000)
    at new Promise (<anonymous>) {
  code: 'EADDRINUSE',
  errno: -48,
  syscall: 'listen',
  address: '::',
  port: 3000
}
[?25h
 ⨯ Failed to start server
Error: listen EADDRINUSE: address already in use :::3000
    at <unknown> (Error: listen EADDRINUSE: address already in use :::3000)
    at new Promise (<anonymous>) {
  code: 'EADDRINUSE',
  errno: -48,
  syscall: 'listen',
  address: '::',
  port: 3000
}
[?25h
 ⨯ Failed to start server
Error: listen EADDRINUSE: address already in use :::3000
    at <unknown> (Error: listen EADDRINUSE: address already in use :::3000)
    at new Promise (<anonymous>) {
  code: 'EADDRINUSE',
  errno: -48,
  syscall: 'listen',
  address: '::',
  port: 3000
}
[?25h
 ⨯ Failed to start server
Error: listen EADDRINUSE: address already in use :::3000
    at <unknown> (Error: listen EADDRINUSE: address already in use :::3000)
    at new Promise (<anonymous>) {
  code: 'EADDRINUSE',
  errno: -48,
  syscall: 'listen',
  address: '::',
  port: 3000
}
[?25h
 ⨯ Failed to start server
Error: listen EADDRINUSE: address already in use :::3000
    at <unknown> (Error: listen EADDRINUSE: address already in use :::3000)
    at new Promise (<anonymous>) {
  code: 'EADDRINUSE',
  errno: -48,
  syscall: 'listen',
  address: '::',
  port: 3000
}
[?25h
 ⨯ Failed to start server
Error: listen EADDRINUSE: address already in use :::3000
    at <unknown> (Error: listen EADDRINUSE: address already in use :::3000)
    at new Promise (<anonymous>) {
  code: 'EADDRINUSE',
  errno: -48,
  syscall: 'listen',
  address: '::',
  port: 3000
}
[?25h
 ⨯ Failed to start server
Error: listen EADDRINUSE: address already in use :::3000
    at <unknown> (Error: listen EADDRINUSE: address already in use :::3000)
    at new Promise (<anonymous>) {
  code: 'EADDRINUSE',
  errno: -48,
  syscall: 'listen',
  address: '::',
  port: 3000
}
[?25h
 ⨯ Failed to start server
Error: listen EADDRINUSE: address already in use :::3000
    at <unknown> (Error: listen EADDRINUSE: address already in use :::3000)
    at new Promise (<anonymous>) {
  code: 'EADDRINUSE',
  errno: -48,
  syscall: 'listen',
  address: '::',
  port: 3000
}
[?25h
 ⨯ Failed to start server
Error: listen EADDRINUSE: address already in use :::3000
    at <unknown> (Error: listen EADDRINUSE: address already in use :::3000)
    at new Promise (<anonymous>) {
  code: 'EADDRINUSE',
  errno: -48,
  syscall: 'listen',
  address: '::',
  port: 3000
}
[?25h
 ⨯ Failed to start server
Error: listen EADDRINUSE: address already in use :::3000
    at <unknown> (Error: listen EADDRINUSE: address already in use :::3000)
    at new Promise (<anonymous>) {
  code: 'EADDRINUSE',
  errno: -48,
  syscall: 'listen',
  address: '::',
  port: 3000
}
[?25h
 ⨯ Failed to start server
Error: listen EADDRINUSE: address already in use :::3000
    at <unknown> (Error: listen EADDRINUSE: address already in use :::3000)
    at new Promise (<anonymous>) {
  code: 'EADDRINUSE',
  errno: -48,
  syscall: 'listen',
  address: '::',
  port: 3000
}
[?25h
 ⨯ Failed to start server
Error: listen EADDRINUSE: address already in use :::3000
    at <unknown> (Error: listen EADDRINUSE: address already in use :::3000)
    at new Promise (<anonymous>) {
  code: 'EADDRINUSE',
  errno: -48,
  syscall: 'listen',
  address: '::',
  port: 3000
}
[?25h
 ⨯ Failed to start server
Error: listen EADDRINUSE: address already in use :::3000
    at <unknown> (Error: listen EADDRINUSE: address already in use :::3000)
    at new Promise (<anonymous>) {
  code: 'EADDRINUSE',
  errno: -48,
  syscall: 'listen',
  address: '::',
  port: 3000
}
[?25h
 ⨯ Failed to start server
Error: listen EADDRINUSE: address already in use :::3000
    at <unknown> (Error: listen EADDRINUSE: address already in use :::3000)
    at new Promise (<anonymous>) {
  code: 'EADDRINUSE',
  errno: -48,
  syscall: 'listen',
  address: '::',
  port: 3000
}
[?25h
 ⨯ Failed to start server
Error: listen EADDRINUSE: address already in use :::3000
    at <unknown> (Error: listen EADDRINUSE: address already in use :::3000)
    at new Promise (<anonymous>) {
  code: 'EADDRINUSE',
  errno: -48,
  syscall: 'listen',
  address: '::',
  port: 3000
}
[?25h
 ⨯ Failed to start server
Error: listen EADDRINUSE: address already in use :::3000
    at <unknown> (Error: listen EADDRINUSE: address already in use :::3000)
    at new Promise (<anonymous>) {
  code: 'EADDRINUSE',
  errno: -48,
  syscall: 'listen',
  address: '::',
  port: 3000
}
[?25h
 ⨯ Failed to start server
Error: listen EADDRINUSE: address already in use :::3000
    at <unknown> (Error: listen EADDRINUSE: address already in use :::3000)
    at new Promise (<anonymous>) {
  code: 'EADDRINUSE',
  errno: -48,
  syscall: 'listen',
  address: '::',
  port: 3000
}
[?25h
 ⨯ Failed to start server
Error: listen EADDRINUSE: address already in use :::3000
    at <unknown> (Error: listen EADDRINUSE: address already in use :::3000)
    at new Promise (<anonymous>) {
  code: 'EADDRINUSE',
  errno: -48,
  syscall: 'listen',
  address: '::',
  port: 3000
}
[?25h
 ⨯ Failed to start server
Error: listen EADDRINUSE: address already in use :::3000
    at <unknown> (Error: listen EADDRINUSE: address already in use :::3000)
    at new Promise (<anonymous>) {
  code: 'EADDRINUSE',
  errno: -48,
  syscall: 'listen',
  address: '::',
  port: 3000
}
[?25h
 ⨯ Failed to start server
Error: listen EADDRINUSE: address already in use :::3000
    at <unknown> (Error: listen EADDRINUSE: address already in use :::3000)
    at new Promise (<anonymous>) {
  code: 'EADDRINUSE',
  errno: -48,
  syscall: 'listen',
  address: '::',
  port: 3000
}
[?25h
 ⨯ Failed to start server
Error: listen EADDRINUSE: address already in use :::3000
    at <unknown> (Error: listen EADDRINUSE: address already in use :::3000)
    at new Promise (<anonymous>) {
  code: 'EADDRINUSE',
  errno: -48,
  syscall: 'listen',
  address: '::',
  port: 3000
}
[?25h
 ⨯ Failed to start server
Error: listen EADDRINUSE: address already in use :::3000
    at <unknown> (Error: listen EADDRINUSE: address already in use :::3000)
    at new Promise (<anonymous>) {
  code: 'EADDRINUSE',
  errno: -48,
  syscall: 'listen',
  address: '::',
  port: 3000
}
[?25h
 ⨯ Failed to start server
Error: listen EADDRINUSE: address already in use :::3000
    at <unknown> (Error: listen EADDRINUSE: address already in use :::3000)
    at new Promise (<anonymous>) {
  code: 'EADDRINUSE',
  errno: -48,
  syscall: 'listen',
  address: '::',
  port: 3000
}
[?25h
 ⨯ Failed to start server
Error: listen EADDRINUSE: address already in use :::3000
    at <unknown> (Error: listen EADDRINUSE: address already in use :::3000)
    at new Promise (<anonymous>) {
  code: 'EADDRINUSE',
  errno: -48,
  syscall: 'listen',
  address: '::',
  port: 3000
}
[?25h
 ⨯ Failed to start server
Error: listen EADDRINUSE: address already in use :::3000
    at <unknown> (Error: listen EADDRINUSE: address already in use :::3000)
    at new Promise (<anonymous>) {
  code: 'EADDRINUSE',
  errno: -48,
  syscall: 'listen',
  address: '::',
  port: 3000
}
[?25h
 ⨯ Failed to start server
Error: listen EADDRINUSE: address already in use :::3000
    at <unknown> (Error: listen EADDRINUSE: address already in use :::3000)
    at new Promise (<anonymous>) {
  code: 'EADDRINUSE',
  errno: -48,
  syscall: 'listen',
  address: '::',
  port: 3000
}
[?25h
 ⨯ Failed to start server
Error: listen EADDRINUSE: address already in use :::3000
    at <unknown> (Error: listen EADDRINUSE: address already in use :::3000)
    at new Promise (<anonymous>) {
  code: 'EADDRINUSE',
  errno: -48,
  syscall: 'listen',
  address: '::',
  port: 3000
}
[?25h
 ⨯ Failed to start server
Error: listen EADDRINUSE: address already in use :::3000
    at <unknown> (Error: listen EADDRINUSE: address already in use :::3000)
    at new Promise (<anonymous>) {
  code: 'EADDRINUSE',
  errno: -48,
  syscall: 'listen',
  address: '::',
  port: 3000
}
[?25h
 ⨯ Failed to start server
Error: listen EADDRINUSE: address already in use :::3000
    at <unknown> (Error: listen EADDRINUSE: address already in use :::3000)
    at new Promise (<anonymous>) {
  code: 'EADDRINUSE',
  errno: -48,
  syscall: 'listen',
  address: '::',
  port: 3000
}
[?25h
 ⨯ Failed to start server
Error: listen EADDRINUSE: address already in use :::3000
    at <unknown> (Error: listen EADDRINUSE: address already in use :::3000)
    at new Promise (<anonymous>) {
  code: 'EADDRINUSE',
  errno: -48,
  syscall: 'listen',
  address: '::',
  port: 3000
}
[?25h
 ⨯ Failed to start server
Error: listen EADDRINUSE: address already in use :::3000
    at <unknown> (Error: listen EADDRINUSE: address already in use :::3000)
    at new Promise (<anonymous>) {
  code: 'EADDRINUSE',
  errno: -48,
  syscall: 'listen',
  address: '::',
  port: 3000
}
[?25h
 ⨯ Failed to start server
Error: listen EADDRINUSE: address already in use :::3000
    at <unknown> (Error: listen EADDRINUSE: address already in use :::3000)
    at new Promise (<anonymous>) {
  code: 'EADDRINUSE',
  errno: -48,
  syscall: 'listen',
  address: '::',
  port: 3000
}
[?25h
 ⨯ Failed to start server
Error: listen EADDRINUSE: address already in use :::3000
    at <unknown> (Error: listen EADDRINUSE: address already in use :::3000)
    at new Promise (<anonymous>) {
  code: 'EADDRINUSE',
  errno: -48,
  syscall: 'listen',
  address: '::',
  port: 3000
}
[?25h
 ⨯ Failed to start server
Error: listen EADDRINUSE: address already in use :::3000
    at <unknown> (Error: listen EADDRINUSE: address already in use :::3000)
    at new Promise (<anonymous>) {
  code: 'EADDRINUSE',
  errno: -48,
  syscall: 'listen',
  address: '::',
  port: 3000
}
[?25h
 ⨯ Failed to start server
Error: listen EADDRINUSE: address already in use :::3000
    at <unknown> (Error: listen EADDRINUSE: address already in use :::3000)
    at new Promise (<anonymous>) {
  code: 'EADDRINUSE',
  errno: -48,
  syscall: 'listen',
  address: '::',
  port: 3000
}
[?25h
 ⨯ Failed to start server
Error: listen EADDRINUSE: address already in use :::3000
    at <unknown> (Error: listen EADDRINUSE: address already in use :::3000)
    at new Promise (<anonymous>) {
  code: 'EADDRINUSE',
  errno: -48,
  syscall: 'listen',
  address: '::',
  port: 3000
}
[?25h
 ⨯ Failed to start server
Error: listen EADDRINUSE: address already in use :::3000
    at <unknown> (Error: listen EADDRINUSE: address already in use :::3000)
    at new Promise (<anonymous>) {
  code: 'EADDRINUSE',
  errno: -48,
  syscall: 'listen',
  address: '::',
  port: 3000
}
[?25h
 ⨯ Failed to start server
Error: listen EADDRINUSE: address already in use :::3000
    at <unknown> (Error: listen EADDRINUSE: address already in use :::3000)
    at new Promise (<anonymous>) {
  code: 'EADDRINUSE',
  errno: -48,
  syscall: 'listen',
  address: '::',
  port: 3000
}
[?25h
 ⨯ Failed to start server
Error: listen EADDRINUSE: address already in use :::3000
    at <unknown> (Error: listen EADDRINUSE: address already in use :::3000)
    at new Promise (<anonymous>) {
  code: 'EADDRINUSE',
  errno: -48,
  syscall: 'listen',
  address: '::',
  port: 3000
}
[?25h
 ⨯ Failed to start server
Error: listen EADDRINUSE: address already in use :::3000
    at <unknown> (Error: listen EADDRINUSE: address already in use :::3000)
    at new Promise (<anonymous>) {
  code: 'EADDRINUSE',
  errno: -48,
  syscall: 'listen',
  address: '::',
  port: 3000
}
[?25h
 ⨯ Failed to start server
Error: listen EADDRINUSE: address already in use :::3000
    at <unknown> (Error: listen EADDRINUSE: address already in use :::3000)
    at new Promise (<anonymous>) {
  code: 'EADDRINUSE',
  errno: -48,
  syscall: 'listen',
  address: '::',
  port: 3000
}
[?25h
 ⨯ Failed to start server
Error: listen EADDRINUSE: address already in use :::3000
    at <unknown> (Error: listen EADDRINUSE: address already in use :::3000)
    at new Promise (<anonymous>) {
  code: 'EADDRINUSE',
  errno: -48,
  syscall: 'listen',
  address: '::',
  port: 3000
}
[?25h
 ⨯ Failed to start server
Error: listen EADDRINUSE: address already in use :::3000
    at <unknown> (Error: listen EADDRINUSE: address already in use :::3000)
    at new Promise (<anonymous>) {
  code: 'EADDRINUSE',
  errno: -48,
  syscall: 'listen',
  address: '::',
  port: 3000
}
[?25h
 ⨯ Failed to start server
Error: listen EADDRINUSE: address already in use :::3000
    at <unknown> (Error: listen EADDRINUSE: address already in use :::3000)
    at new Promise (<anonymous>) {
  code: 'EADDRINUSE',
  errno: -48,
  syscall: 'listen',
  address: '::',
  port: 3000
}
[?25h
 ⨯ Failed to start server
Error: listen EADDRINUSE: address already in use :::3000
    at <unknown> (Error: listen EADDRINUSE: address already in use :::3000)
    at new Promise (<anonymous>) {
  code: 'EADDRINUSE',
  errno: -48,
  syscall: 'listen',
  address: '::',
  port: 3000
}
[?25h
 ⨯ Failed to start server
Error: listen EADDRINUSE: address already in use :::3000
    at <unknown> (Error: listen EADDRINUSE: address already in use :::3000)
    at new Promise (<anonymous>) {
  code: 'EADDRINUSE',
  errno: -48,
  syscall: 'listen',
  address: '::',
  port: 3000
}
[?25h
 ⨯ Failed to start server
Error: listen EADDRINUSE: address already in use :::3000
    at <unknown> (Error: listen EADDRINUSE: address already in use :::3000)
    at new Promise (<anonymous>) {
  code: 'EADDRINUSE',
  errno: -48,
  syscall: 'listen',
  address: '::',
  port: 3000
}
[?25h
 ⨯ Failed to start server
Error: listen EADDRINUSE: address already in use :::3000
    at <unknown> (Error: listen EADDRINUSE: address already in use :::3000)
    at new Promise (<anonymous>) {
  code: 'EADDRINUSE',
  errno: -48,
  syscall: 'listen',
  address: '::',
  port: 3000
}
[?25h
 ⨯ Failed to start server
Error: listen EADDRINUSE: address already in use :::3000
    at <unknown> (Error: listen EADDRINUSE: address already in use :::3000)
    at new Promise (<anonymous>) {
  code: 'EADDRINUSE',
  errno: -48,
  syscall: 'listen',
  address: '::',
  port: 3000
}
[?25h
 ⨯ Failed to start server
Error: listen EADDRINUSE: address already in use :::3000
    at <unknown> (Error: listen EADDRINUSE: address already in use :::3000)
    at new Promise (<anonymous>) {
  code: 'EADDRINUSE',
  errno: -48,
  syscall: 'listen',
  address: '::',
  port: 3000
}
[?25h
 ⨯ Failed to start server
Error: listen EADDRINUSE: address already in use :::3000
    at <unknown> (Error: listen EADDRINUSE: address already in use :::3000)
    at new Promise (<anonymous>) {
  code: 'EADDRINUSE',
  errno: -48,
  syscall: 'listen',
  address: '::',
  port: 3000
}
[?25h
 ⨯ Failed to start server
Error: listen EADDRINUSE: address already in use :::3000
    at <unknown> (Error: listen EADDRINUSE: address already in use :::3000)
    at new Promise (<anonymous>) {
  code: 'EADDRINUSE',
  errno: -48,
  syscall: 'listen',
  address: '::',
  port: 3000
}
[?25h
 ⨯ Failed to start server
Error: listen EADDRINUSE: address already in use :::3000
    at <unknown> (Error: listen EADDRINUSE: address already in use :::3000)
    at new Promise (<anonymous>) {
  code: 'EADDRINUSE',
  errno: -48,
  syscall: 'listen',
  address: '::',
  port: 3000
}
[?25h
 ⨯ Failed to start server
Error: listen EADDRINUSE: address already in use :::3000
    at <unknown> (Error: listen EADDRINUSE: address already in use :::3000)
    at new Promise (<anonymous>) {
  code: 'EADDRINUSE',
  errno: -48,
  syscall: 'listen',
  address: '::',
  port: 3000
}
[?25h
 ⨯ Failed to start server
Error: listen EADDRINUSE: address already in use :::3000
    at <unknown> (Error: listen EADDRINUSE: address already in use :::3000)
    at new Promise (<anonymous>) {
  code: 'EADDRINUSE',
  errno: -48,
  syscall: 'listen',
  address: '::',
  port: 3000
}
[?25h
 ⨯ Failed to start server
Error: listen EADDRINUSE: address already in use :::3000
    at <unknown> (Error: listen EADDRINUSE: address already in use :::3000)
    at new Promise (<anonymous>) {
  code: 'EADDRINUSE',
  errno: -48,
  syscall: 'listen',
  address: '::',
  port: 3000
}
[?25h
 ⨯ Failed to start server
Error: listen EADDRINUSE: address already in use :::3000
    at <unknown> (Error: listen EADDRINUSE: address already in use :::3000)
    at new Promise (<anonymous>) {
  code: 'EADDRINUSE',
  errno: -48,
  syscall: 'listen',
  address: '::',
  port: 3000
}
[?25h
 ⨯ Failed to start server
Error: listen EADDRINUSE: address already in use :::3000
    at <unknown> (Error: listen EADDRINUSE: address already in use :::3000)
    at new Promise (<anonymous>) {
  code: 'EADDRINUSE',
  errno: -48,
  syscall: 'listen',
  address: '::',
  port: 3000
}
[?25h
 ⨯ Failed to start server
Error: listen EADDRINUSE: address already in use :::3000
    at <unknown> (Error: listen EADDRINUSE: address already in use :::3000)
    at new Promise (<anonymous>) {
  code: 'EADDRINUSE',
  errno: -48,
  syscall: 'listen',
  address: '::',
  port: 3000
}
[?25h
 ⨯ Failed to start server
Error: listen EADDRINUSE: address already in use :::3000
    at <unknown> (Error: listen EADDRINUSE: address already in use :::3000)
    at new Promise (<anonymous>) {
  code: 'EADDRINUSE',
  errno: -48,
  syscall: 'listen',
  address: '::',
  port: 3000
}
[?25h
 ⨯ Failed to start server
Error: listen EADDRINUSE: address already in use :::3000
    at <unknown> (Error: listen EADDRINUSE: address already in use :::3000)
    at new Promise (<anonymous>) {
  code: 'EADDRINUSE',
  errno: -48,
  syscall: 'listen',
  address: '::',
  port: 3000
}
[?25h
 ⨯ Failed to start server
Error: listen EADDRINUSE: address already in use :::3000
    at <unknown> (Error: listen EADDRINUSE: address already in use :::3000)
    at new Promise (<anonymous>) {
  code: 'EADDRINUSE',
  errno: -48,
  syscall: 'listen',
  address: '::',
  port: 3000
}
[?25h
 ⨯ Failed to start server
Error: listen EADDRINUSE: address already in use :::3000
    at <unknown> (Error: listen EADDRINUSE: address already in use :::3000)
    at new Promise (<anonymous>) {
  code: 'EADDRINUSE',
  errno: -48,
  syscall: 'listen',
  address: '::',
  port: 3000
}
[?25h
 ⨯ Failed to start server
Error: listen EADDRINUSE: address already in use :::3000
    at <unknown> (Error: listen EADDRINUSE: address already in use :::3000)
    at new Promise (<anonymous>) {
  code: 'EADDRINUSE',
  errno: -48,
  syscall: 'listen',
  address: '::',
  port: 3000
}
[?25h
 ⨯ Failed to start server
Error: listen EADDRINUSE: address already in use :::3000
    at <unknown> (Error: listen EADDRINUSE: address already in use :::3000)
    at new Promise (<anonymous>) {
  code: 'EADDRINUSE',
  errno: -48,
  syscall: 'listen',
  address: '::',
  port: 3000
}
[?25h
 ⨯ Failed to start server
Error: listen EADDRINUSE: address already in use :::3000
    at <unknown> (Error: listen EADDRINUSE: address already in use :::3000)
    at new Promise (<anonymous>) {
  code: 'EADDRINUSE',
  errno: -48,
  syscall: 'listen',
  address: '::',
  port: 3000
}
[?25h
 ⨯ Failed to start server
Error: listen EADDRINUSE: address already in use :::3000
    at <unknown> (Error: listen EADDRINUSE: address already in use :::3000)
    at new Promise (<anonymous>) {
  code: 'EADDRINUSE',
  errno: -48,
  syscall: 'listen',
  address: '::',
  port: 3000
}
[?25h
 ⨯ Failed to start server
Error: listen EADDRINUSE: address already in use :::3000
    at <unknown> (Error: listen EADDRINUSE: address already in use :::3000)
    at new Promise (<anonymous>) {
  code: 'EADDRINUSE',
  errno: -48,
  syscall: 'listen',
  address: '::',
  port: 3000
}
[?25h
 ⨯ Failed to start server
Error: listen EADDRINUSE: address already in use :::3000
    at <unknown> (Error: listen EADDRINUSE: address already in use :::3000)
    at new Promise (<anonymous>) {
  code: 'EADDRINUSE',
  errno: -48,
  syscall: 'listen',
  address: '::',
  port: 3000
}
[?25h
 ⨯ Failed to start server
Error: listen EADDRINUSE: address already in use :::3000
    at <unknown> (Error: listen EADDRINUSE: address already in use :::3000)
    at new Promise (<anonymous>) {
  code: 'EADDRINUSE',
  errno: -48,
  syscall: 'listen',
  address: '::',
  port: 3000
}
[?25h
 ⨯ Failed to start server
Error: listen EADDRINUSE: address already in use :::3000
    at <unknown> (Error: listen EADDRINUSE: address already in use :::3000)
    at new Promise (<anonymous>) {
  code: 'EADDRINUSE',
  errno: -48,
  syscall: 'listen',
  address: '::',
  port: 3000
}
[?25h
 ⨯ Failed to start server
Error: listen EADDRINUSE: address already in use :::3000
    at <unknown> (Error: listen EADDRINUSE: address already in use :::3000)
    at new Promise (<anonymous>) {
  code: 'EADDRINUSE',
  errno: -48,
  syscall: 'listen',
  address: '::',
  port: 3000
}
[?25h
 ⨯ Failed to start server
Error: listen EADDRINUSE: address already in use :::3000
    at <unknown> (Error: listen EADDRINUSE: address already in use :::3000)
    at new Promise (<anonymous>) {
  code: 'EADDRINUSE',
  errno: -48,
  syscall: 'listen',
  address: '::',
  port: 3000
}
[?25h
 ⨯ Failed to start server
Error: listen EADDRINUSE: address already in use :::3000
    at <unknown> (Error: listen EADDRINUSE: address already in use :::3000)
    at new Promise (<anonymous>) {
  code: 'EADDRINUSE',
  errno: -48,
  syscall: 'listen',
  address: '::',
  port: 3000
}
[?25h
 ⨯ Failed to start server
Error: listen EADDRINUSE: address already in use :::3000
    at <unknown> (Error: listen EADDRINUSE: address already in use :::3000)
    at new Promise (<anonymous>) {
  code: 'EADDRINUSE',
  errno: -48,
  syscall: 'listen',
  address: '::',
  port: 3000
}
[?25h
 ⨯ Failed to start server
Error: listen EADDRINUSE: address already in use :::3000
    at <unknown> (Error: listen EADDRINUSE: address already in use :::3000)
    at new Promise (<anonymous>) {
  code: 'EADDRINUSE',
  errno: -48,
  syscall: 'listen',
  address: '::',
  port: 3000
}
[?25h
 ⨯ Failed to start server
Error: listen EADDRINUSE: address already in use :::3000
    at <unknown> (Error: listen EADDRINUSE: address already in use :::3000)
    at new Promise (<anonymous>) {
  code: 'EADDRINUSE',
  errno: -48,
  syscall: 'listen',
  address: '::',
  port: 3000
}
[?25h
 ⨯ Failed to start server
Error: listen EADDRINUSE: address already in use :::3000
    at <unknown> (Error: listen EADDRINUSE: address already in use :::3000)
    at new Promise (<anonymous>) {
  code: 'EADDRINUSE',
  errno: -48,
  syscall: 'listen',
  address: '::',
  port: 3000
}
[?25h
 ⨯ Failed to start server
Error: listen EADDRINUSE: address already in use :::3000
    at <unknown> (Error: listen EADDRINUSE: address already in use :::3000)
    at new Promise (<anonymous>) {
  code: 'EADDRINUSE',
  errno: -48,
  syscall: 'listen',
  address: '::',
  port: 3000
}
[?25h
 ⨯ Failed to start server
Error: listen EADDRINUSE: address already in use :::3000
    at <unknown> (Error: listen EADDRINUSE: address already in use :::3000)
    at new Promise (<anonymous>) {
  code: 'EADDRINUSE',
  errno: -48,
  syscall: 'listen',
  address: '::',
  port: 3000
}
[?25h
 ⨯ Failed to start server
Error: listen EADDRINUSE: address already in use :::3000
    at <unknown> (Error: listen EADDRINUSE: address already in use :::3000)
    at new Promise (<anonymous>) {
  code: 'EADDRINUSE',
  errno: -48,
  syscall: 'listen',
  address: '::',
  port: 3000
}
[?25h
 ⨯ Failed to start server
Error: listen EADDRINUSE: address already in use :::3000
    at <unknown> (Error: listen EADDRINUSE: address already in use :::3000)
    at new Promise (<anonymous>) {
  code: 'EADDRINUSE',
  errno: -48,
  syscall: 'listen',
  address: '::',
  port: 3000
}
[?25h
 ⨯ Failed to start server
Error: listen EADDRINUSE: address already in use :::3000
    at <unknown> (Error: listen EADDRINUSE: address already in use :::3000)
    at new Promise (<anonymous>) {
  code: 'EADDRINUSE',
  errno: -48,
  syscall: 'listen',
  address: '::',
  port: 3000
}
[?25h
 ⨯ Failed to start server
Error: listen EADDRINUSE: address already in use :::3000
    at <unknown> (Error: listen EADDRINUSE: address already in use :::3000)
    at new Promise (<anonymous>) {
  code: 'EADDRINUSE',
  errno: -48,
  syscall: 'listen',
  address: '::',
  port: 3000
}
[?25h
 ⨯ Failed to start server
Error: listen EADDRINUSE: address already in use :::3000
    at <unknown> (Error: listen EADDRINUSE: address already in use :::3000)
    at new Promise (<anonymous>) {
  code: 'EADDRINUSE',
  errno: -48,
  syscall: 'listen',
  address: '::',
  port: 3000
}
[?25h
 ⨯ Failed to start server
Error: listen EADDRINUSE: address already in use :::3000
    at <unknown> (Error: listen EADDRINUSE: address already in use :::3000)
    at new Promise (<anonymous>) {
  code: 'EADDRINUSE',
  errno: -48,
  syscall: 'listen',
  address: '::',
  port: 3000
}
[?25h
 ⨯ Failed to start server
Error: listen EADDRINUSE: address already in use :::3000
    at <unknown> (Error: listen EADDRINUSE: address already in use :::3000)
    at new Promise (<anonymous>) {
  code: 'EADDRINUSE',
  errno: -48,
  syscall: 'listen',
  address: '::',
  port: 3000
}
[?25h
 ⨯ Failed to start server
Error: listen EADDRINUSE: address already in use :::3000
    at <unknown> (Error: listen EADDRINUSE: address already in use :::3000)
    at new Promise (<anonymous>) {
  code: 'EADDRINUSE',
  errno: -48,
  syscall: 'listen',
  address: '::',
  port: 3000
}
[?25h
 ⨯ Failed to start server
Error: listen EADDRINUSE: address already in use :::3000
    at <unknown> (Error: listen EADDRINUSE: address already in use :::3000)
    at new Promise (<anonymous>) {
  code: 'EADDRINUSE',
  errno: -48,
  syscall: 'listen',
  address: '::',
  port: 3000
}
[?25h
 ⨯ Failed to start server
Error: listen EADDRINUSE: address already in use :::3000
    at <unknown> (Error: listen EADDRINUSE: address already in use :::3000)
    at new Promise (<anonymous>) {
  code: 'EADDRINUSE',
  errno: -48,
  syscall: 'listen',
  address: '::',
  port: 3000
}
[?25h
 ⨯ Failed to start server
Error: listen EADDRINUSE: address already in use :::3000
    at <unknown> (Error: listen EADDRINUSE: address already in use :::3000)
    at new Promise (<anonymous>) {
  code: 'EADDRINUSE',
  errno: -48,
  syscall: 'listen',
  address: '::',
  port: 3000
}
[?25h
 ⨯ Failed to start server
Error: listen EADDRINUSE: address already in use :::3000
    at <unknown> (Error: listen EADDRINUSE: address already in use :::3000)
    at new Promise (<anonymous>) {
  code: 'EADDRINUSE',
  errno: -48,
  syscall: 'listen',
  address: '::',
  port: 3000
}
[?25h
 ⨯ Failed to start server
Error: listen EADDRINUSE: address already in use :::3000
    at <unknown> (Error: listen EADDRINUSE: address already in use :::3000)
    at new Promise (<anonymous>) {
  code: 'EADDRINUSE',
  errno: -48,
  syscall: 'listen',
  address: '::',
  port: 3000
}
[?25h
 ⨯ Failed to start server
Error: listen EADDRINUSE: address already in use :::3000
    at <unknown> (Error: listen EADDRINUSE: address already in use :::3000)
    at new Promise (<anonymous>) {
  code: 'EADDRINUSE',
  errno: -48,
  syscall: 'listen',
  address: '::',
  port: 3000
}
[?25h
 ⨯ Failed to start server
Error: listen EADDRINUSE: address already in use :::3000
    at <unknown> (Error: listen EADDRINUSE: address already in use :::3000)
    at new Promise (<anonymous>) {
  code: 'EADDRINUSE',
  errno: -48,
  syscall: 'listen',
  address: '::',
  port: 3000
}
[?25h
 ⨯ Failed to start server
Error: listen EADDRINUSE: address already in use :::3000
    at <unknown> (Error: listen EADDRINUSE: address already in use :::3000)
    at new Promise (<anonymous>) {
  code: 'EADDRINUSE',
  errno: -48,
  syscall: 'listen',
  address: '::',
  port: 3000
}
[?25h
 ⨯ Failed to start server
Error: listen EADDRINUSE: address already in use :::3000
    at <unknown> (Error: listen EADDRINUSE: address already in use :::3000)
    at new Promise (<anonymous>) {
  code: 'EADDRINUSE',
  errno: -48,
  syscall: 'listen',
  address: '::',
  port: 3000
}
[?25h
 ⨯ Failed to start server
Error: listen EADDRINUSE: address already in use :::3000
    at <unknown> (Error: listen EADDRINUSE: address already in use :::3000)
    at new Promise (<anonymous>) {
  code: 'EADDRINUSE',
  errno: -48,
  syscall: 'listen',
  address: '::',
  port: 3000
}
[?25h
 ⨯ Failed to start server
Error: listen EADDRINUSE: address already in use :::3000
    at <unknown> (Error: listen EADDRINUSE: address already in use :::3000)
    at new Promise (<anonymous>) {
  code: 'EADDRINUSE',
  errno: -48,
  syscall: 'listen',
  address: '::',
  port: 3000
}
[?25h
 ⨯ Failed to start server
Error: listen EADDRINUSE: address already in use :::3000
    at <unknown> (Error: listen EADDRINUSE: address already in use :::3000)
    at new Promise (<anonymous>) {
  code: 'EADDRINUSE',
  errno: -48,
  syscall: 'listen',
  address: '::',
  port: 3000
}
[?25h
 ⨯ Failed to start server
Error: listen EADDRINUSE: address already in use :::3000
    at <unknown> (Error: listen EADDRINUSE: address already in use :::3000)
    at new Promise (<anonymous>) {
  code: 'EADDRINUSE',
  errno: -48,
  syscall: 'listen',
  address: '::',
  port: 3000
}
[?25h
 ⨯ Failed to start server
Error: listen EADDRINUSE: address already in use :::3000
    at <unknown> (Error: listen EADDRINUSE: address already in use :::3000)
    at new Promise (<anonymous>) {
  code: 'EADDRINUSE',
  errno: -48,
  syscall: 'listen',
  address: '::',
  port: 3000
}
[?25h
 ⨯ Failed to start server
Error: listen EADDRINUSE: address already in use :::3000
    at <unknown> (Error: listen EADDRINUSE: address already in use :::3000)
    at new Promise (<anonymous>) {
  code: 'EADDRINUSE',
  errno: -48,
  syscall: 'listen',
  address: '::',
  port: 3000
}
[?25h
 ⨯ Failed to start server
Error: listen EADDRINUSE: address already in use :::3000
    at <unknown> (Error: listen EADDRINUSE: address already in use :::3000)
    at new Promise (<anonymous>) {
  code: 'EADDRINUSE',
  errno: -48,
  syscall: 'listen',
  address: '::',
  port: 3000
}
[?25h
 ⨯ Failed to start server
Error: listen EADDRINUSE: address already in use :::3000
    at <unknown> (Error: listen EADDRINUSE: address already in use :::3000)
    at new Promise (<anonymous>) {
  code: 'EADDRINUSE',
  errno: -48,
  syscall: 'listen',
  address: '::',
  port: 3000
}
[?25h
 ⨯ Failed to start server
Error: listen EADDRINUSE: address already in use :::3000
    at <unknown> (Error: listen EADDRINUSE: address already in use :::3000)
    at new Promise (<anonymous>) {
  code: 'EADDRINUSE',
  errno: -48,
  syscall: 'listen',
  address: '::',
  port: 3000
}
[?25h
 ⨯ Failed to start server
Error: listen EADDRINUSE: address already in use :::3000
    at <unknown> (Error: listen EADDRINUSE: address already in use :::3000)
    at new Promise (<anonymous>) {
  code: 'EADDRINUSE',
  errno: -48,
  syscall: 'listen',
  address: '::',
  port: 3000
}
[?25h
 ⨯ Failed to start server
Error: listen EADDRINUSE: address already in use :::3000
    at <unknown> (Error: listen EADDRINUSE: address already in use :::3000)
    at new Promise (<anonymous>) {
  code: 'EADDRINUSE',
  errno: -48,
  syscall: 'listen',
  address: '::',
  port: 3000
}
[?25h
 ⨯ Failed to start server
Error: listen EADDRINUSE: address already in use :::3000
    at <unknown> (Error: listen EADDRINUSE: address already in use :::3000)
    at new Promise (<anonymous>) {
  code: 'EADDRINUSE',
  errno: -48,
  syscall: 'listen',
  address: '::',
  port: 3000
}
[?25h
 ⨯ Failed to start server
Error: listen EADDRINUSE: address already in use :::3000
    at <unknown> (Error: listen EADDRINUSE: address already in use :::3000)
    at new Promise (<anonymous>) {
  code: 'EADDRINUSE',
  errno: -48,
  syscall: 'listen',
  address: '::',
  port: 3000
}
[?25h
 ⨯ Failed to start server
Error: listen EADDRINUSE: address already in use :::3000
    at <unknown> (Error: listen EADDRINUSE: address already in use :::3000)
    at new Promise (<anonymous>) {
  code: 'EADDRINUSE',
  errno: -48,
  syscall: 'listen',
  address: '::',
  port: 3000
}
[?25h
 ⨯ Failed to start server
Error: listen EADDRINUSE: address already in use :::3000
    at <unknown> (Error: listen EADDRINUSE: address already in use :::3000)
    at new Promise (<anonymous>) {
  code: 'EADDRINUSE',
  errno: -48,
  syscall: 'listen',
  address: '::',
  port: 3000
}
[?25h
 ⨯ Failed to start server
Error: listen EADDRINUSE: address already in use :::3000
    at <unknown> (Error: listen EADDRINUSE: address already in use :::3000)
    at new Promise (<anonymous>) {
  code: 'EADDRINUSE',
  errno: -48,
  syscall: 'listen',
  address: '::',
  port: 3000
}
[?25h
 ⨯ Failed to start server
Error: listen EADDRINUSE: address already in use :::3000
    at <unknown> (Error: listen EADDRINUSE: address already in use :::3000)
    at new Promise (<anonymous>) {
  code: 'EADDRINUSE',
  errno: -48,
  syscall: 'listen',
  address: '::',
  port: 3000
}
[?25h
 ⨯ Failed to start server
Error: listen EADDRINUSE: address already in use :::3000
    at <unknown> (Error: listen EADDRINUSE: address already in use :::3000)
    at new Promise (<anonymous>) {
  code: 'EADDRINUSE',
  errno: -48,
  syscall: 'listen',
  address: '::',
  port: 3000
}
[?25h
 ⨯ Failed to start server
Error: listen EADDRINUSE: address already in use :::3000
    at <unknown> (Error: listen EADDRINUSE: address already in use :::3000)
    at new Promise (<anonymous>) {
  code: 'EADDRINUSE',
  errno: -48,
  syscall: 'listen',
  address: '::',
  port: 3000
}
[?25h
 ⨯ Failed to start server
Error: listen EADDRINUSE: address already in use :::3000
    at <unknown> (Error: listen EADDRINUSE: address already in use :::3000)
    at new Promise (<anonymous>) {
  code: 'EADDRINUSE',
  errno: -48,
  syscall: 'listen',
  address: '::',
  port: 3000
}
[?25h
 ⨯ Failed to start server
Error: listen EADDRINUSE: address already in use :::3000
    at <unknown> (Error: listen EADDRINUSE: address already in use :::3000)
    at new Promise (<anonymous>) {
  code: 'EADDRINUSE',
  errno: -48,
  syscall: 'listen',
  address: '::',
  port: 3000
}
[?25h
 ⨯ Failed to start server
Error: listen EADDRINUSE: address already in use :::3000
    at <unknown> (Error: listen EADDRINUSE: address already in use :::3000)
    at new Promise (<anonymous>) {
  code: 'EADDRINUSE',
  errno: -48,
  syscall: 'listen',
  address: '::',
  port: 3000
}
[?25h
 ⨯ Failed to start server
Error: listen EADDRINUSE: address already in use :::3000
    at <unknown> (Error: listen EADDRINUSE: address already in use :::3000)
    at new Promise (<anonymous>) {
  code: 'EADDRINUSE',
  errno: -48,
  syscall: 'listen',
  address: '::',
  port: 3000
}
[?25h
 ⨯ Failed to start server
Error: listen EADDRINUSE: address already in use :::3000
    at <unknown> (Error: listen EADDRINUSE: address already in use :::3000)
    at new Promise (<anonymous>) {
  code: 'EADDRINUSE',
  errno: -48,
  syscall: 'listen',
  address: '::',
  port: 3000
}
[?25h
 ⨯ Failed to start server
Error: listen EADDRINUSE: address already in use :::3000
    at <unknown> (Error: listen EADDRINUSE: address already in use :::3000)
    at new Promise (<anonymous>) {
  code: 'EADDRINUSE',
  errno: -48,
  syscall: 'listen',
  address: '::',
  port: 3000
}
[?25h
 ⨯ Failed to start server
Error: listen EADDRINUSE: address already in use :::3000
    at <unknown> (Error: listen EADDRINUSE: address already in use :::3000)
    at new Promise (<anonymous>) {
  code: 'EADDRINUSE',
  errno: -48,
  syscall: 'listen',
  address: '::',
  port: 3000
}
[?25h
 ⨯ Failed to start server
Error: listen EADDRINUSE: address already in use :::3000
    at <unknown> (Error: listen EADDRINUSE: address already in use :::3000)
    at new Promise (<anonymous>) {
  code: 'EADDRINUSE',
  errno: -48,
  syscall: 'listen',
  address: '::',
  port: 3000
}
[?25h
 ⨯ Failed to start server
Error: listen EADDRINUSE: address already in use :::3000
    at <unknown> (Error: listen EADDRINUSE: address already in use :::3000)
    at new Promise (<anonymous>) {
  code: 'EADDRINUSE',
  errno: -48,
  syscall: 'listen',
  address: '::',
  port: 3000
}
[?25h
 ⨯ Failed to start server
Error: listen EADDRINUSE: address already in use :::3000
    at <unknown> (Error: listen EADDRINUSE: address already in use :::3000)
    at new Promise (<anonymous>) {
  code: 'EADDRINUSE',
  errno: -48,
  syscall: 'listen',
  address: '::',
  port: 3000
}
[?25h
 ⨯ Failed to start server
Error: listen EADDRINUSE: address already in use :::3000
    at <unknown> (Error: listen EADDRINUSE: address already in use :::3000)
    at new Promise (<anonymous>) {
  code: 'EADDRINUSE',
  errno: -48,
  syscall: 'listen',
  address: '::',
  port: 3000
}
[?25h
 ⨯ Failed to start server
Error: listen EADDRINUSE: address already in use :::3000
    at <unknown> (Error: listen EADDRINUSE: address already in use :::3000)
    at new Promise (<anonymous>) {
  code: 'EADDRINUSE',
  errno: -48,
  syscall: 'listen',
  address: '::',
  port: 3000
}
[?25h
 ⨯ Failed to start server
Error: listen EADDRINUSE: address already in use :::3000
    at <unknown> (Error: listen EADDRINUSE: address already in use :::3000)
    at new Promise (<anonymous>) {
  code: 'EADDRINUSE',
  errno: -48,
  syscall: 'listen',
  address: '::',
  port: 3000
}
[?25h
 ⨯ Failed to start server
Error: listen EADDRINUSE: address already in use :::3000
    at <unknown> (Error: listen EADDRINUSE: address already in use :::3000)
    at new Promise (<anonymous>) {
  code: 'EADDRINUSE',
  errno: -48,
  syscall: 'listen',
  address: '::',
  port: 3000
}
[?25h
 ⨯ Failed to start server
Error: listen EADDRINUSE: address already in use :::3000
    at <unknown> (Error: listen EADDRINUSE: address already in use :::3000)
    at new Promise (<anonymous>) {
  code: 'EADDRINUSE',
  errno: -48,
  syscall: 'listen',
  address: '::',
  port: 3000
}
[?25h
 ⨯ Failed to start server
Error: listen EADDRINUSE: address already in use :::3000
    at <unknown> (Error: listen EADDRINUSE: address already in use :::3000)
    at new Promise (<anonymous>) {
  code: 'EADDRINUSE',
  errno: -48,
  syscall: 'listen',
  address: '::',
  port: 3000
}
[?25h
 ⨯ Failed to start server
Error: listen EADDRINUSE: address already in use :::3000
    at <unknown> (Error: listen EADDRINUSE: address already in use :::3000)
    at new Promise (<anonymous>) {
  code: 'EADDRINUSE',
  errno: -48,
  syscall: 'listen',
  address: '::',
  port: 3000
}
[?25h
 ⨯ Failed to start server
Error: listen EADDRINUSE: address already in use :::3000
    at <unknown> (Error: listen EADDRINUSE: address already in use :::3000)
    at new Promise (<anonymous>) {
  code: 'EADDRINUSE',
  errno: -48,
  syscall: 'listen',
  address: '::',
  port: 3000
}
[?25h
 ⨯ Failed to start server
Error: listen EADDRINUSE: address already in use :::3000
    at <unknown> (Error: listen EADDRINUSE: address already in use :::3000)
    at new Promise (<anonymous>) {
  code: 'EADDRINUSE',
  errno: -48,
  syscall: 'listen',
  address: '::',
  port: 3000
}
[?25h
 ⨯ Failed to start server
Error: listen EADDRINUSE: address already in use :::3000
    at <unknown> (Error: listen EADDRINUSE: address already in use :::3000)
    at new Promise (<anonymous>) {
  code: 'EADDRINUSE',
  errno: -48,
  syscall: 'listen',
  address: '::',
  port: 3000
}
[?25h
 ⨯ Failed to start server
Error: listen EADDRINUSE: address already in use :::3000
    at <unknown> (Error: listen EADDRINUSE: address already in use :::3000)
    at new Promise (<anonymous>) {
  code: 'EADDRINUSE',
  errno: -48,
  syscall: 'listen',
  address: '::',
  port: 3000
}
[?25h
 ⨯ Failed to start server
Error: listen EADDRINUSE: address already in use :::3000
    at <unknown> (Error: listen EADDRINUSE: address already in use :::3000)
    at new Promise (<anonymous>) {
  code: 'EADDRINUSE',
  errno: -48,
  syscall: 'listen',
  address: '::',
  port: 3000
}
[?25h
 ⨯ Failed to start server
Error: listen EADDRINUSE: address already in use :::3000
    at <unknown> (Error: listen EADDRINUSE: address already in use :::3000)
    at new Promise (<anonymous>) {
  code: 'EADDRINUSE',
  errno: -48,
  syscall: 'listen',
  address: '::',
  port: 3000
}
[?25h
 ⨯ Failed to start server
Error: listen EADDRINUSE: address already in use :::3000
    at <unknown> (Error: listen EADDRINUSE: address already in use :::3000)
    at new Promise (<anonymous>) {
  code: 'EADDRINUSE',
  errno: -48,
  syscall: 'listen',
  address: '::',
  port: 3000
}
[?25h
 ⨯ Failed to start server
Error: listen EADDRINUSE: address already in use :::3000
    at <unknown> (Error: listen EADDRINUSE: address already in use :::3000)
    at new Promise (<anonymous>) {
  code: 'EADDRINUSE',
  errno: -48,
  syscall: 'listen',
  address: '::',
  port: 3000
}
[?25h
 ⨯ Failed to start server
Error: listen EADDRINUSE: address already in use :::3000
    at <unknown> (Error: listen EADDRINUSE: address already in use :::3000)
    at new Promise (<anonymous>) {
  code: 'EADDRINUSE',
  errno: -48,
  syscall: 'listen',
  address: '::',
  port: 3000
}
[?25h
 ⨯ Failed to start server
Error: listen EADDRINUSE: address already in use :::3000
    at <unknown> (Error: listen EADDRINUSE: address already in use :::3000)
    at new Promise (<anonymous>) {
  code: 'EADDRINUSE',
  errno: -48,
  syscall: 'listen',
  address: '::',
  port: 3000
}
[?25h
 ⨯ Failed to start server
Error: listen EADDRINUSE: address already in use :::3000
    at <unknown> (Error: listen EADDRINUSE: address already in use :::3000)
    at new Promise (<anonymous>) {
  code: 'EADDRINUSE',
  errno: -48,
  syscall: 'listen',
  address: '::',
  port: 3000
}
[?25h
 ⨯ Failed to start server
Error: listen EADDRINUSE: address already in use :::3000
    at <unknown> (Error: listen EADDRINUSE: address already in use :::3000)
    at new Promise (<anonymous>) {
  code: 'EADDRINUSE',
  errno: -48,
  syscall: 'listen',
  address: '::',
  port: 3000
}
[?25h
 ⨯ Failed to start server
Error: listen EADDRINUSE: address already in use :::3000
    at <unknown> (Error: listen EADDRINUSE: address already in use :::3000)
    at new Promise (<anonymous>) {
  code: 'EADDRINUSE',
  errno: -48,
  syscall: 'listen',
  address: '::',
  port: 3000
}
[?25h
 ⨯ Failed to start server
Error: listen EADDRINUSE: address already in use :::3000
    at <unknown> (Error: listen EADDRINUSE: address already in use :::3000)
    at new Promise (<anonymous>) {
  code: 'EADDRINUSE',
  errno: -48,
  syscall: 'listen',
  address: '::',
  port: 3000
}
[?25h
 ⨯ Failed to start server
Error: listen EADDRINUSE: address already in use :::3000
    at <unknown> (Error: listen EADDRINUSE: address already in use :::3000)
    at new Promise (<anonymous>) {
  code: 'EADDRINUSE',
  errno: -48,
  syscall: 'listen',
  address: '::',
  port: 3000
}
[?25h
 ⨯ Failed to start server
Error: listen EADDRINUSE: address already in use :::3000
    at <unknown> (Error: listen EADDRINUSE: address already in use :::3000)
    at new Promise (<anonymous>) {
  code: 'EADDRINUSE',
  errno: -48,
  syscall: 'listen',
  address: '::',
  port: 3000
}
[?25h
 ⨯ Failed to start server
Error: listen EADDRINUSE: address already in use :::3000
    at <unknown> (Error: listen EADDRINUSE: address already in use :::3000)
    at new Promise (<anonymous>) {
  code: 'EADDRINUSE',
  errno: -48,
  syscall: 'listen',
  address: '::',
  port: 3000
}
[?25h
 ⨯ Failed to start server
Error: listen EADDRINUSE: address already in use :::3000
    at <unknown> (Error: listen EADDRINUSE: address already in use :::3000)
    at new Promise (<anonymous>) {
  code: 'EADDRINUSE',
  errno: -48,
  syscall: 'listen',
  address: '::',
  port: 3000
}
[?25h
 ⨯ Failed to start server
Error: listen EADDRINUSE: address already in use :::3000
    at <unknown> (Error: listen EADDRINUSE: address already in use :::3000)
    at new Promise (<anonymous>) {
  code: 'EADDRINUSE',
  errno: -48,
  syscall: 'listen',
  address: '::',
  port: 3000
}
[?25h
 ⨯ Failed to start server
Error: listen EADDRINUSE: address already in use :::3000
    at <unknown> (Error: listen EADDRINUSE: address already in use :::3000)
    at new Promise (<anonymous>) {
  code: 'EADDRINUSE',
  errno: -48,
  syscall: 'listen',
  address: '::',
  port: 3000
}
[?25h
 ⨯ Failed to start server
Error: listen EADDRINUSE: address already in use :::3000
    at <unknown> (Error: listen EADDRINUSE: address already in use :::3000)
    at new Promise (<anonymous>) {
  code: 'EADDRINUSE',
  errno: -48,
  syscall: 'listen',
  address: '::',
  port: 3000
}
[?25h
 ⨯ Failed to start server
Error: listen EADDRINUSE: address already in use :::3000
    at <unknown> (Error: listen EADDRINUSE: address already in use :::3000)
    at new Promise (<anonymous>) {
  code: 'EADDRINUSE',
  errno: -48,
  syscall: 'listen',
  address: '::',
  port: 3000
}
[?25h
 ⨯ Failed to start server
Error: listen EADDRINUSE: address already in use :::3000
    at <unknown> (Error: listen EADDRINUSE: address already in use :::3000)
    at new Promise (<anonymous>) {
  code: 'EADDRINUSE',
  errno: -48,
  syscall: 'listen',
  address: '::',
  port: 3000
}
[?25h
 ⨯ Failed to start server
Error: listen EADDRINUSE: address already in use :::3000
    at <unknown> (Error: listen EADDRINUSE: address already in use :::3000)
    at new Promise (<anonymous>) {
  code: 'EADDRINUSE',
  errno: -48,
  syscall: 'listen',
  address: '::',
  port: 3000
}
[?25h
 ⨯ Failed to start server
Error: listen EADDRINUSE: address already in use :::3000
    at <unknown> (Error: listen EADDRINUSE: address already in use :::3000)
    at new Promise (<anonymous>) {
  code: 'EADDRINUSE',
  errno: -48,
  syscall: 'listen',
  address: '::',
  port: 3000
}
[?25h
 ⨯ Failed to start server
Error: listen EADDRINUSE: address already in use :::3000
    at <unknown> (Error: listen EADDRINUSE: address already in use :::3000)
    at new Promise (<anonymous>) {
  code: 'EADDRINUSE',
  errno: -48,
  syscall: 'listen',
  address: '::',
  port: 3000
}
[?25h
 ⨯ Failed to start server
Error: listen EADDRINUSE: address already in use :::3000
    at <unknown> (Error: listen EADDRINUSE: address already in use :::3000)
    at new Promise (<anonymous>) {
  code: 'EADDRINUSE',
  errno: -48,
  syscall: 'listen',
  address: '::',
  port: 3000
}
[?25h
 ⨯ Failed to start server
Error: listen EADDRINUSE: address already in use :::3000
    at <unknown> (Error: listen EADDRINUSE: address already in use :::3000)
    at new Promise (<anonymous>) {
  code: 'EADDRINUSE',
  errno: -48,
  syscall: 'listen',
  address: '::',
  port: 3000
}
[?25h
 ⨯ Failed to start server
Error: listen EADDRINUSE: address already in use :::3000
    at <unknown> (Error: listen EADDRINUSE: address already in use :::3000)
    at new Promise (<anonymous>) {
  code: 'EADDRINUSE',
  errno: -48,
  syscall: 'listen',
  address: '::',
  port: 3000
}
[?25h
 ⨯ Failed to start server
Error: listen EADDRINUSE: address already in use :::3000
    at <unknown> (Error: listen EADDRINUSE: address already in use :::3000)
    at new Promise (<anonymous>) {
  code: 'EADDRINUSE',
  errno: -48,
  syscall: 'listen',
  address: '::',
  port: 3000
}
[?25h
 ⨯ Failed to start server
Error: listen EADDRINUSE: address already in use :::3000
    at <unknown> (Error: listen EADDRINUSE: address already in use :::3000)
    at new Promise (<anonymous>) {
  code: 'EADDRINUSE',
  errno: -48,
  syscall: 'listen',
  address: '::',
  port: 3000
}
[?25h
 ⨯ Failed to start server
Error: listen EADDRINUSE: address already in use :::3000
    at <unknown> (Error: listen EADDRINUSE: address already in use :::3000)
    at new Promise (<anonymous>) {
  code: 'EADDRINUSE',
  errno: -48,
  syscall: 'listen',
  address: '::',
  port: 3000
}
[?25h
 ⨯ Failed to start server
Error: listen EADDRINUSE: address already in use :::3000
    at <unknown> (Error: listen EADDRINUSE: address already in use :::3000)
    at new Promise (<anonymous>) {
  code: 'EADDRINUSE',
  errno: -48,
  syscall: 'listen',
  address: '::',
  port: 3000
}
[?25h
 ⨯ Failed to start server
Error: listen EADDRINUSE: address already in use :::3000
    at <unknown> (Error: listen EADDRINUSE: address already in use :::3000)
    at new Promise (<anonymous>) {
  code: 'EADDRINUSE',
  errno: -48,
  syscall: 'listen',
  address: '::',
  port: 3000
}
[?25h
 ⨯ Failed to start server
Error: listen EADDRINUSE: address already in use :::3000
    at <unknown> (Error: listen EADDRINUSE: address already in use :::3000)
    at new Promise (<anonymous>) {
  code: 'EADDRINUSE',
  errno: -48,
  syscall: 'listen',
  address: '::',
  port: 3000
}
[?25h
 ⨯ Failed to start server
Error: listen EADDRINUSE: address already in use :::3000
    at <unknown> (Error: listen EADDRINUSE: address already in use :::3000)
    at new Promise (<anonymous>) {
  code: 'EADDRINUSE',
  errno: -48,
  syscall: 'listen',
  address: '::',
  port: 3000
}
[?25h
 ⨯ Failed to start server
Error: listen EADDRINUSE: address already in use :::3000
    at <unknown> (Error: listen EADDRINUSE: address already in use :::3000)
    at new Promise (<anonymous>) {
  code: 'EADDRINUSE',
  errno: -48,
  syscall: 'listen',
  address: '::',
  port: 3000
}
[?25h
 ⨯ Failed to start server
Error: listen EADDRINUSE: address already in use :::3000
    at <unknown> (Error: listen EADDRINUSE: address already in use :::3000)
    at new Promise (<anonymous>) {
  code: 'EADDRINUSE',
  errno: -48,
  syscall: 'listen',
  address: '::',
  port: 3000
}
[?25h
 ⨯ Failed to start server
Error: listen EADDRINUSE: address already in use :::3000
    at <unknown> (Error: listen EADDRINUSE: address already in use :::3000)
    at new Promise (<anonymous>) {
  code: 'EADDRINUSE',
  errno: -48,
  syscall: 'listen',
  address: '::',
  port: 3000
}
[?25h
 ⨯ Failed to start server
Error: listen EADDRINUSE: address already in use :::3000
    at <unknown> (Error: listen EADDRINUSE: address already in use :::3000)
    at new Promise (<anonymous>) {
  code: 'EADDRINUSE',
  errno: -48,
  syscall: 'listen',
  address: '::',
  port: 3000
}
[?25h
 ⨯ Failed to start server
Error: listen EADDRINUSE: address already in use :::3000
    at <unknown> (Error: listen EADDRINUSE: address already in use :::3000)
    at new Promise (<anonymous>) {
  code: 'EADDRINUSE',
  errno: -48,
  syscall: 'listen',
  address: '::',
  port: 3000
}
[?25h
 ⨯ Failed to start server
Error: listen EADDRINUSE: address already in use :::3000
    at <unknown> (Error: listen EADDRINUSE: address already in use :::3000)
    at new Promise (<anonymous>) {
  code: 'EADDRINUSE',
  errno: -48,
  syscall: 'listen',
  address: '::',
  port: 3000
}
[?25h
 ⨯ Failed to start server
Error: listen EADDRINUSE: address already in use :::3000
    at <unknown> (Error: listen EADDRINUSE: address already in use :::3000)
    at new Promise (<anonymous>) {
  code: 'EADDRINUSE',
  errno: -48,
  syscall: 'listen',
  address: '::',
  port: 3000
}
[?25h
 ⨯ Failed to start server
Error: listen EADDRINUSE: address already in use :::3000
    at <unknown> (Error: listen EADDRINUSE: address already in use :::3000)
    at new Promise (<anonymous>) {
  code: 'EADDRINUSE',
  errno: -48,
  syscall: 'listen',
  address: '::',
  port: 3000
}
[?25h
 ⨯ Failed to start server
Error: listen EADDRINUSE: address already in use :::3000
    at <unknown> (Error: listen EADDRINUSE: address already in use :::3000)
    at new Promise (<anonymous>) {
  code: 'EADDRINUSE',
  errno: -48,
  syscall: 'listen',
  address: '::',
  port: 3000
}
[?25h
 ⨯ Failed to start server
Error: listen EADDRINUSE: address already in use :::3000
    at <unknown> (Error: listen EADDRINUSE: address already in use :::3000)
    at new Promise (<anonymous>) {
  code: 'EADDRINUSE',
  errno: -48,
  syscall: 'listen',
  address: '::',
  port: 3000
}
[?25h
 ⨯ Failed to start server
Error: listen EADDRINUSE: address already in use :::3000
    at <unknown> (Error: listen EADDRINUSE: address already in use :::3000)
    at new Promise (<anonymous>) {
  code: 'EADDRINUSE',
  errno: -48,
  syscall: 'listen',
  address: '::',
  port: 3000
}
[?25h
 ⨯ Failed to start server
Error: listen EADDRINUSE: address already in use :::3000
    at <unknown> (Error: listen EADDRINUSE: address already in use :::3000)
    at new Promise (<anonymous>) {
  code: 'EADDRINUSE',
  errno: -48,
  syscall: 'listen',
  address: '::',
  port: 3000
}
[?25h
 ⨯ Failed to start server
Error: listen EADDRINUSE: address already in use :::3000
    at <unknown> (Error: listen EADDRINUSE: address already in use :::3000)
    at new Promise (<anonymous>) {
  code: 'EADDRINUSE',
  errno: -48,
  syscall: 'listen',
  address: '::',
  port: 3000
}
[?25h
 ⨯ Failed to start server
Error: listen EADDRINUSE: address already in use :::3000
    at <unknown> (Error: listen EADDRINUSE: address already in use :::3000)
    at new Promise (<anonymous>) {
  code: 'EADDRINUSE',
  errno: -48,
  syscall: 'listen',
  address: '::',
  port: 3000
}
[?25h
 ⨯ Failed to start server
Error: listen EADDRINUSE: address already in use :::3000
    at <unknown> (Error: listen EADDRINUSE: address already in use :::3000)
    at new Promise (<anonymous>) {
  code: 'EADDRINUSE',
  errno: -48,
  syscall: 'listen',
  address: '::',
  port: 3000
}
[?25h
 ⨯ Failed to start server
Error: listen EADDRINUSE: address already in use :::3000
    at <unknown> (Error: listen EADDRINUSE: address already in use :::3000)
    at new Promise (<anonymous>) {
  code: 'EADDRINUSE',
  errno: -48,
  syscall: 'listen',
  address: '::',
  port: 3000
}
[?25h
 ⨯ Failed to start server
Error: listen EADDRINUSE: address already in use :::3000
    at <unknown> (Error: listen EADDRINUSE: address already in use :::3000)
    at new Promise (<anonymous>) {
  code: 'EADDRINUSE',
  errno: -48,
  syscall: 'listen',
  address: '::',
  port: 3000
}
[?25h
 ⨯ Failed to start server
Error: listen EADDRINUSE: address already in use :::3000
    at <unknown> (Error: listen EADDRINUSE: address already in use :::3000)
    at new Promise (<anonymous>) {
  code: 'EADDRINUSE',
  errno: -48,
  syscall: 'listen',
  address: '::',
  port: 3000
}
[?25h
 ⨯ Failed to start server
Error: listen EADDRINUSE: address already in use :::3000
    at <unknown> (Error: listen EADDRINUSE: address already in use :::3000)
    at new Promise (<anonymous>) {
  code: 'EADDRINUSE',
  errno: -48,
  syscall: 'listen',
  address: '::',
  port: 3000
}
[?25h
 ⨯ Failed to start server
Error: listen EADDRINUSE: address already in use :::3000
    at <unknown> (Error: listen EADDRINUSE: address already in use :::3000)
    at new Promise (<anonymous>) {
  code: 'EADDRINUSE',
  errno: -48,
  syscall: 'listen',
  address: '::',
  port: 3000
}
[?25h
 ⨯ Failed to start server
Error: listen EADDRINUSE: address already in use :::3000
    at <unknown> (Error: listen EADDRINUSE: address already in use :::3000)
    at new Promise (<anonymous>) {
  code: 'EADDRINUSE',
  errno: -48,
  syscall: 'listen',
  address: '::',
  port: 3000
}
[?25h
 ⨯ Failed to start server
Error: listen EADDRINUSE: address already in use :::3000
    at <unknown> (Error: listen EADDRINUSE: address already in use :::3000)
    at new Promise (<anonymous>) {
  code: 'EADDRINUSE',
  errno: -48,
  syscall: 'listen',
  address: '::',
  port: 3000
}
[?25h
 ⨯ Failed to start server
Error: listen EADDRINUSE: address already in use :::3000
    at <unknown> (Error: listen EADDRINUSE: address already in use :::3000)
    at new Promise (<anonymous>) {
  code: 'EADDRINUSE',
  errno: -48,
  syscall: 'listen',
  address: '::',
  port: 3000
}
[?25h
 ⨯ Failed to start server
Error: listen EADDRINUSE: address already in use :::3000
    at <unknown> (Error: listen EADDRINUSE: address already in use :::3000)
    at new Promise (<anonymous>) {
  code: 'EADDRINUSE',
  errno: -48,
  syscall: 'listen',
  address: '::',
  port: 3000
}
[?25h
 ⨯ Failed to start server
Error: listen EADDRINUSE: address already in use :::3000
    at <unknown> (Error: listen EADDRINUSE: address already in use :::3000)
    at new Promise (<anonymous>) {
  code: 'EADDRINUSE',
  errno: -48,
  syscall: 'listen',
  address: '::',
  port: 3000
}
[?25h
 ⨯ Failed to start server
Error: listen EADDRINUSE: address already in use :::3000
    at <unknown> (Error: listen EADDRINUSE: address already in use :::3000)
    at new Promise (<anonymous>) {
  code: 'EADDRINUSE',
  errno: -48,
  syscall: 'listen',
  address: '::',
  port: 3000
}
[?25h
 ⨯ Failed to start server
Error: listen EADDRINUSE: address already in use :::3000
    at <unknown> (Error: listen EADDRINUSE: address already in use :::3000)
    at new Promise (<anonymous>) {
  code: 'EADDRINUSE',
  errno: -48,
  syscall: 'listen',
  address: '::',
  port: 3000
}
[?25h
 ⨯ Failed to start server
Error: listen EADDRINUSE: address already in use :::3000
    at <unknown> (Error: listen EADDRINUSE: address already in use :::3000)
    at new Promise (<anonymous>) {
  code: 'EADDRINUSE',
  errno: -48,
  syscall: 'listen',
  address: '::',
  port: 3000
}
[?25h
 ⨯ Failed to start server
Error: listen EADDRINUSE: address already in use :::3000
    at <unknown> (Error: listen EADDRINUSE: address already in use :::3000)
    at new Promise (<anonymous>) {
  code: 'EADDRINUSE',
  errno: -48,
  syscall: 'listen',
  address: '::',
  port: 3000
}
[?25h
 ⨯ Failed to start server
Error: listen EADDRINUSE: address already in use :::3000
    at <unknown> (Error: listen EADDRINUSE: address already in use :::3000)
    at new Promise (<anonymous>) {
  code: 'EADDRINUSE',
  errno: -48,
  syscall: 'listen',
  address: '::',
  port: 3000
}
[?25h
 ⨯ Failed to start server
Error: listen EADDRINUSE: address already in use :::3000
    at <unknown> (Error: listen EADDRINUSE: address already in use :::3000)
    at new Promise (<anonymous>) {
  code: 'EADDRINUSE',
  errno: -48,
  syscall: 'listen',
  address: '::',
  port: 3000
}
[?25h
 ⨯ Failed to start server
Error: listen EADDRINUSE: address already in use :::3000
    at <unknown> (Error: listen EADDRINUSE: address already in use :::3000)
    at new Promise (<anonymous>) {
  code: 'EADDRINUSE',
  errno: -48,
  syscall: 'listen',
  address: '::',
  port: 3000
}
[?25h
 ⨯ Failed to start server
Error: listen EADDRINUSE: address already in use :::3000
    at <unknown> (Error: listen EADDRINUSE: address already in use :::3000)
    at new Promise (<anonymous>) {
  code: 'EADDRINUSE',
  errno: -48,
  syscall: 'listen',
  address: '::',
  port: 3000
}
[?25h
 ⨯ Failed to start server
Error: listen EADDRINUSE: address already in use :::3000
    at <unknown> (Error: listen EADDRINUSE: address already in use :::3000)
    at new Promise (<anonymous>) {
  code: 'EADDRINUSE',
  errno: -48,
  syscall: 'listen',
  address: '::',
  port: 3000
}
[?25h
 ⨯ Failed to start server
Error: listen EADDRINUSE: address already in use :::3000
    at <unknown> (Error: listen EADDRINUSE: address already in use :::3000)
    at new Promise (<anonymous>) {
  code: 'EADDRINUSE',
  errno: -48,
  syscall: 'listen',
  address: '::',
  port: 3000
}
[?25h
 ⨯ Failed to start server
Error: listen EADDRINUSE: address already in use :::3000
    at <unknown> (Error: listen EADDRINUSE: address already in use :::3000)
    at new Promise (<anonymous>) {
  code: 'EADDRINUSE',
  errno: -48,
  syscall: 'listen',
  address: '::',
  port: 3000
}
[?25h
 ⨯ Failed to start server
Error: listen EADDRINUSE: address already in use :::3000
    at <unknown> (Error: listen EADDRINUSE: address already in use :::3000)
    at new Promise (<anonymous>) {
  code: 'EADDRINUSE',
  errno: -48,
  syscall: 'listen',
  address: '::',
  port: 3000
}
[?25h
 ⨯ Failed to start server
Error: listen EADDRINUSE: address already in use :::3000
    at <unknown> (Error: listen EADDRINUSE: address already in use :::3000)
    at new Promise (<anonymous>) {
  code: 'EADDRINUSE',
  errno: -48,
  syscall: 'listen',
  address: '::',
  port: 3000
}
[?25h
 ⨯ Failed to start server
Error: listen EADDRINUSE: address already in use :::3000
    at <unknown> (Error: listen EADDRINUSE: address already in use :::3000)
    at new Promise (<anonymous>) {
  code: 'EADDRINUSE',
  errno: -48,
  syscall: 'listen',
  address: '::',
  port: 3000
}
[?25h
 ⨯ Failed to start server
Error: listen EADDRINUSE: address already in use :::3000
    at <unknown> (Error: listen EADDRINUSE: address already in use :::3000)
    at new Promise (<anonymous>) {
  code: 'EADDRINUSE',
  errno: -48,
  syscall: 'listen',
  address: '::',
  port: 3000
}
[?25h
 ⨯ Failed to start server
Error: listen EADDRINUSE: address already in use :::3000
    at <unknown> (Error: listen EADDRINUSE: address already in use :::3000)
    at new Promise (<anonymous>) {
  code: 'EADDRINUSE',
  errno: -48,
  syscall: 'listen',
  address: '::',
  port: 3000
}
[?25h
 ⨯ Failed to start server
Error: listen EADDRINUSE: address already in use :::3000
    at <unknown> (Error: listen EADDRINUSE: address already in use :::3000)
    at new Promise (<anonymous>) {
  code: 'EADDRINUSE',
  errno: -48,
  syscall: 'listen',
  address: '::',
  port: 3000
}
[?25h
 ⨯ Failed to start server
Error: listen EADDRINUSE: address already in use :::3000
    at <unknown> (Error: listen EADDRINUSE: address already in use :::3000)
    at new Promise (<anonymous>) {
  code: 'EADDRINUSE',
  errno: -48,
  syscall: 'listen',
  address: '::',
  port: 3000
}
[?25h
 ⨯ Failed to start server
Error: listen EADDRINUSE: address already in use :::3000
    at <unknown> (Error: listen EADDRINUSE: address already in use :::3000)
    at new Promise (<anonymous>) {
  code: 'EADDRINUSE',
  errno: -48,
  syscall: 'listen',
  address: '::',
  port: 3000
}
[?25h
 ⨯ Failed to start server
Error: listen EADDRINUSE: address already in use :::3000
    at <unknown> (Error: listen EADDRINUSE: address already in use :::3000)
    at new Promise (<anonymous>) {
  code: 'EADDRINUSE',
  errno: -48,
  syscall: 'listen',
  address: '::',
  port: 3000
}
[?25h
 ⨯ Failed to start server
Error: listen EADDRINUSE: address already in use :::3000
    at <unknown> (Error: listen EADDRINUSE: address already in use :::3000)
    at new Promise (<anonymous>) {
  code: 'EADDRINUSE',
  errno: -48,
  syscall: 'listen',
  address: '::',
  port: 3000
}
[?25h
 ⨯ Failed to start server
Error: listen EADDRINUSE: address already in use :::3000
    at <unknown> (Error: listen EADDRINUSE: address already in use :::3000)
    at new Promise (<anonymous>) {
  code: 'EADDRINUSE',
  errno: -48,
  syscall: 'listen',
  address: '::',
  port: 3000
}
[?25h
 ⨯ Failed to start server
Error: listen EADDRINUSE: address already in use :::3000
    at <unknown> (Error: listen EADDRINUSE: address already in use :::3000)
    at new Promise (<anonymous>) {
  code: 'EADDRINUSE',
  errno: -48,
  syscall: 'listen',
  address: '::',
  port: 3000
}
[?25h
 ⨯ Failed to start server
Error: listen EADDRINUSE: address already in use :::3000
    at <unknown> (Error: listen EADDRINUSE: address already in use :::3000)
    at new Promise (<anonymous>) {
  code: 'EADDRINUSE',
  errno: -48,
  syscall: 'listen',
  address: '::',
  port: 3000
}
[?25h
 ⨯ Failed to start server
Error: listen EADDRINUSE: address already in use :::3000
    at <unknown> (Error: listen EADDRINUSE: address already in use :::3000)
    at new Promise (<anonymous>) {
  code: 'EADDRINUSE',
  errno: -48,
  syscall: 'listen',
  address: '::',
  port: 3000
}
[?25h
 ⨯ Failed to start server
Error: listen EADDRINUSE: address already in use :::3000
    at <unknown> (Error: listen EADDRINUSE: address already in use :::3000)
    at new Promise (<anonymous>) {
  code: 'EADDRINUSE',
  errno: -48,
  syscall: 'listen',
  address: '::',
  port: 3000
}
[?25h
 ⨯ Failed to start server
Error: listen EADDRINUSE: address already in use :::3000
    at <unknown> (Error: listen EADDRINUSE: address already in use :::3000)
    at new Promise (<anonymous>) {
  code: 'EADDRINUSE',
  errno: -48,
  syscall: 'listen',
  address: '::',
  port: 3000
}
[?25h
 ⨯ Failed to start server
Error: listen EADDRINUSE: address already in use :::3000
    at <unknown> (Error: listen EADDRINUSE: address already in use :::3000)
    at new Promise (<anonymous>) {
  code: 'EADDRINUSE',
  errno: -48,
  syscall: 'listen',
  address: '::',
  port: 3000
}
[?25h
 ⨯ Failed to start server
Error: listen EADDRINUSE: address already in use :::3000
    at <unknown> (Error: listen EADDRINUSE: address already in use :::3000)
    at new Promise (<anonymous>) {
  code: 'EADDRINUSE',
  errno: -48,
  syscall: 'listen',
  address: '::',
  port: 3000
}
[?25h
 ⨯ Failed to start server
Error: listen EADDRINUSE: address already in use :::3000
    at <unknown> (Error: listen EADDRINUSE: address already in use :::3000)
    at new Promise (<anonymous>) {
  code: 'EADDRINUSE',
  errno: -48,
  syscall: 'listen',
  address: '::',
  port: 3000
}
[?25h
 ⨯ Failed to start server
Error: listen EADDRINUSE: address already in use :::3000
    at <unknown> (Error: listen EADDRINUSE: address already in use :::3000)
    at new Promise (<anonymous>) {
  code: 'EADDRINUSE',
  errno: -48,
  syscall: 'listen',
  address: '::',
  port: 3000
}
[?25h
 ⨯ Failed to start server
Error: listen EADDRINUSE: address already in use :::3000
    at <unknown> (Error: listen EADDRINUSE: address already in use :::3000)
    at new Promise (<anonymous>) {
  code: 'EADDRINUSE',
  errno: -48,
  syscall: 'listen',
  address: '::',
  port: 3000
}
[?25h
 ⨯ Failed to start server
Error: listen EADDRINUSE: address already in use :::3000
    at <unknown> (Error: listen EADDRINUSE: address already in use :::3000)
    at new Promise (<anonymous>) {
  code: 'EADDRINUSE',
  errno: -48,
  syscall: 'listen',
  address: '::',
  port: 3000
}
[?25h
 ⨯ Failed to start server
Error: listen EADDRINUSE: address already in use :::3000
    at <unknown> (Error: listen EADDRINUSE: address already in use :::3000)
    at new Promise (<anonymous>) {
  code: 'EADDRINUSE',
  errno: -48,
  syscall: 'listen',
  address: '::',
  port: 3000
}
[?25h
 ⨯ Failed to start server
Error: listen EADDRINUSE: address already in use :::3000
    at <unknown> (Error: listen EADDRINUSE: address already in use :::3000)
    at new Promise (<anonymous>) {
  code: 'EADDRINUSE',
  errno: -48,
  syscall: 'listen',
  address: '::',
  port: 3000
}
[?25h
 ⨯ Failed to start server
Error: listen EADDRINUSE: address already in use :::3000
    at <unknown> (Error: listen EADDRINUSE: address already in use :::3000)
    at new Promise (<anonymous>) {
  code: 'EADDRINUSE',
  errno: -48,
  syscall: 'listen',
  address: '::',
  port: 3000
}
[?25h
 ⨯ Failed to start server
Error: listen EADDRINUSE: address already in use :::3000
    at <unknown> (Error: listen EADDRINUSE: address already in use :::3000)
    at new Promise (<anonymous>) {
  code: 'EADDRINUSE',
  errno: -48,
  syscall: 'listen',
  address: '::',
  port: 3000
}
[?25h
 ⨯ Failed to start server
Error: listen EADDRINUSE: address already in use :::3000
    at <unknown> (Error: listen EADDRINUSE: address already in use :::3000)
    at new Promise (<anonymous>) {
  code: 'EADDRINUSE',
  errno: -48,
  syscall: 'listen',
  address: '::',
  port: 3000
}
[?25h
 ⨯ Failed to start server
Error: listen EADDRINUSE: address already in use :::3000
    at <unknown> (Error: listen EADDRINUSE: address already in use :::3000)
    at new Promise (<anonymous>) {
  code: 'EADDRINUSE',
  errno: -48,
  syscall: 'listen',
  address: '::',
  port: 3000
}
[?25h
 ⨯ Failed to start server
Error: listen EADDRINUSE: address already in use :::3000
    at <unknown> (Error: listen EADDRINUSE: address already in use :::3000)
    at new Promise (<anonymous>) {
  code: 'EADDRINUSE',
  errno: -48,
  syscall: 'listen',
  address: '::',
  port: 3000
}
[?25h
 ⨯ Failed to start server
Error: listen EADDRINUSE: address already in use :::3000
    at <unknown> (Error: listen EADDRINUSE: address already in use :::3000)
    at new Promise (<anonymous>) {
  code: 'EADDRINUSE',
  errno: -48,
  syscall: 'listen',
  address: '::',
  port: 3000
}
[?25h
 ⨯ Failed to start server
Error: listen EADDRINUSE: address already in use :::3000
    at <unknown> (Error: listen EADDRINUSE: address already in use :::3000)
    at new Promise (<anonymous>) {
  code: 'EADDRINUSE',
  errno: -48,
  syscall: 'listen',
  address: '::',
  port: 3000
}
[?25h
 ⨯ Failed to start server
Error: listen EADDRINUSE: address already in use :::3000
    at <unknown> (Error: listen EADDRINUSE: address already in use :::3000)
    at new Promise (<anonymous>) {
  code: 'EADDRINUSE',
  errno: -48,
  syscall: 'listen',
  address: '::',
  port: 3000
}
[?25h
 ⨯ Failed to start server
Error: listen EADDRINUSE: address already in use :::3000
    at <unknown> (Error: listen EADDRINUSE: address already in use :::3000)
    at new Promise (<anonymous>) {
  code: 'EADDRINUSE',
  errno: -48,
  syscall: 'listen',
  address: '::',
  port: 3000
}
[?25h
 ⨯ Failed to start server
Error: listen EADDRINUSE: address already in use :::3000
    at <unknown> (Error: listen EADDRINUSE: address already in use :::3000)
    at new Promise (<anonymous>) {
  code: 'EADDRINUSE',
  errno: -48,
  syscall: 'listen',
  address: '::',
  port: 3000
}
[?25h
 ⨯ Failed to start server
Error: listen EADDRINUSE: address already in use :::3000
    at <unknown> (Error: listen EADDRINUSE: address already in use :::3000)
    at new Promise (<anonymous>) {
  code: 'EADDRINUSE',
  errno: -48,
  syscall: 'listen',
  address: '::',
  port: 3000
}
[?25h
 ⨯ Failed to start server
Error: listen EADDRINUSE: address already in use :::3000
    at <unknown> (Error: listen EADDRINUSE: address already in use :::3000)
    at new Promise (<anonymous>) {
  code: 'EADDRINUSE',
  errno: -48,
  syscall: 'listen',
  address: '::',
  port: 3000
}
[?25h
 ⨯ Failed to start server
Error: listen EADDRINUSE: address already in use :::3000
    at <unknown> (Error: listen EADDRINUSE: address already in use :::3000)
    at new Promise (<anonymous>) {
  code: 'EADDRINUSE',
  errno: -48,
  syscall: 'listen',
  address: '::',
  port: 3000
}
[?25h
 ⨯ Failed to start server
Error: listen EADDRINUSE: address already in use :::3000
    at <unknown> (Error: listen EADDRINUSE: address already in use :::3000)
    at new Promise (<anonymous>) {
  code: 'EADDRINUSE',
  errno: -48,
  syscall: 'listen',
  address: '::',
  port: 3000
}
[?25h
 ⨯ Failed to start server
Error: listen EADDRINUSE: address already in use :::3000
    at <unknown> (Error: listen EADDRINUSE: address already in use :::3000)
    at new Promise (<anonymous>) {
  code: 'EADDRINUSE',
  errno: -48,
  syscall: 'listen',
  address: '::',
  port: 3000
}
[?25h
 ⨯ Failed to start server
Error: listen EADDRINUSE: address already in use :::3000
    at <unknown> (Error: listen EADDRINUSE: address already in use :::3000)
    at new Promise (<anonymous>) {
  code: 'EADDRINUSE',
  errno: -48,
  syscall: 'listen',
  address: '::',
  port: 3000
}
[?25h
 ⨯ Failed to start server
Error: listen EADDRINUSE: address already in use :::3000
    at <unknown> (Error: listen EADDRINUSE: address already in use :::3000)
    at new Promise (<anonymous>) {
  code: 'EADDRINUSE',
  errno: -48,
  syscall: 'listen',
  address: '::',
  port: 3000
}
[?25h
 ⨯ Failed to start server
Error: listen EADDRINUSE: address already in use :::3000
    at <unknown> (Error: listen EADDRINUSE: address already in use :::3000)
    at new Promise (<anonymous>) {
  code: 'EADDRINUSE',
  errno: -48,
  syscall: 'listen',
  address: '::',
  port: 3000
}
[?25h
 ⨯ Failed to start server
Error: listen EADDRINUSE: address already in use :::3000
    at <unknown> (Error: listen EADDRINUSE: address already in use :::3000)
    at new Promise (<anonymous>) {
  code: 'EADDRINUSE',
  errno: -48,
  syscall: 'listen',
  address: '::',
  port: 3000
}
[?25h
 ⨯ Failed to start server
Error: listen EADDRINUSE: address already in use :::3000
    at <unknown> (Error: listen EADDRINUSE: address already in use :::3000)
    at new Promise (<anonymous>) {
  code: 'EADDRINUSE',
  errno: -48,
  syscall: 'listen',
  address: '::',
  port: 3000
}
[?25h
 ⨯ Failed to start server
Error: listen EADDRINUSE: address already in use :::3000
    at <unknown> (Error: listen EADDRINUSE: address already in use :::3000)
    at new Promise (<anonymous>) {
  code: 'EADDRINUSE',
  errno: -48,
  syscall: 'listen',
  address: '::',
  port: 3000
}
[?25h
 ⨯ Failed to start server
Error: listen EADDRINUSE: address already in use :::3000
    at <unknown> (Error: listen EADDRINUSE: address already in use :::3000)
    at new Promise (<anonymous>) {
  code: 'EADDRINUSE',
  errno: -48,
  syscall: 'listen',
  address: '::',
  port: 3000
}
[?25h
 ⨯ Failed to start server
Error: listen EADDRINUSE: address already in use :::3000
    at <unknown> (Error: listen EADDRINUSE: address already in use :::3000)
    at new Promise (<anonymous>) {
  code: 'EADDRINUSE',
  errno: -48,
  syscall: 'listen',
  address: '::',
  port: 3000
}
[?25h
 ⨯ Failed to start server
Error: listen EADDRINUSE: address already in use :::3000
    at <unknown> (Error: listen EADDRINUSE: address already in use :::3000)
    at new Promise (<anonymous>) {
  code: 'EADDRINUSE',
  errno: -48,
  syscall: 'listen',
  address: '::',
  port: 3000
}
[?25h
 ⨯ Failed to start server
Error: listen EADDRINUSE: address already in use :::3000
    at <unknown> (Error: listen EADDRINUSE: address already in use :::3000)
    at new Promise (<anonymous>) {
  code: 'EADDRINUSE',
  errno: -48,
  syscall: 'listen',
  address: '::',
  port: 3000
}
[?25h
 ⨯ Failed to start server
Error: listen EADDRINUSE: address already in use :::3000
    at <unknown> (Error: listen EADDRINUSE: address already in use :::3000)
    at new Promise (<anonymous>) {
  code: 'EADDRINUSE',
  errno: -48,
  syscall: 'listen',
  address: '::',
  port: 3000
}
[?25h
 ⨯ Failed to start server
Error: listen EADDRINUSE: address already in use :::3000
    at <unknown> (Error: listen EADDRINUSE: address already in use :::3000)
    at new Promise (<anonymous>) {
  code: 'EADDRINUSE',
  errno: -48,
  syscall: 'listen',
  address: '::',
  port: 3000
}
[?25h
 ⨯ Failed to start server
Error: listen EADDRINUSE: address already in use :::3000
    at <unknown> (Error: listen EADDRINUSE: address already in use :::3000)
    at new Promise (<anonymous>) {
  code: 'EADDRINUSE',
  errno: -48,
  syscall: 'listen',
  address: '::',
  port: 3000
}
[?25h
 ⨯ Failed to start server
Error: listen EADDRINUSE: address already in use :::3000
    at <unknown> (Error: listen EADDRINUSE: address already in use :::3000)
    at new Promise (<anonymous>) {
  code: 'EADDRINUSE',
  errno: -48,
  syscall: 'listen',
  address: '::',
  port: 3000
}
[?25h
 ⨯ Failed to start server
Error: listen EADDRINUSE: address already in use :::3000
    at <unknown> (Error: listen EADDRINUSE: address already in use :::3000)
    at new Promise (<anonymous>) {
  code: 'EADDRINUSE',
  errno: -48,
  syscall: 'listen',
  address: '::',
  port: 3000
}
[?25h
 ⨯ Failed to start server
Error: listen EADDRINUSE: address already in use :::3000
    at <unknown> (Error: listen EADDRINUSE: address already in use :::3000)
    at new Promise (<anonymous>) {
  code: 'EADDRINUSE',
  errno: -48,
  syscall: 'listen',
  address: '::',
  port: 3000
}
[?25h
 ⨯ Failed to start server
Error: listen EADDRINUSE: address already in use :::3000
    at <unknown> (Error: listen EADDRINUSE: address already in use :::3000)
    at new Promise (<anonymous>) {
  code: 'EADDRINUSE',
  errno: -48,
  syscall: 'listen',
  address: '::',
  port: 3000
}
[?25h
 ⨯ Failed to start server
Error: listen EADDRINUSE: address already in use :::3000
    at <unknown> (Error: listen EADDRINUSE: address already in use :::3000)
    at new Promise (<anonymous>) {
  code: 'EADDRINUSE',
  errno: -48,
  syscall: 'listen',
  address: '::',
  port: 3000
}
[?25h
 ⨯ Failed to start server
Error: listen EADDRINUSE: address already in use :::3000
    at <unknown> (Error: listen EADDRINUSE: address already in use :::3000)
    at new Promise (<anonymous>) {
  code: 'EADDRINUSE',
  errno: -48,
  syscall: 'listen',
  address: '::',
  port: 3000
}
[?25h
 ⨯ Failed to start server
Error: listen EADDRINUSE: address already in use :::3000
    at <unknown> (Error: listen EADDRINUSE: address already in use :::3000)
    at new Promise (<anonymous>) {
  code: 'EADDRINUSE',
  errno: -48,
  syscall: 'listen',
  address: '::',
  port: 3000
}
[?25h
 ⨯ Failed to start server
Error: listen EADDRINUSE: address already in use :::3000
    at <unknown> (Error: listen EADDRINUSE: address already in use :::3000)
    at new Promise (<anonymous>) {
  code: 'EADDRINUSE',
  errno: -48,
  syscall: 'listen',
  address: '::',
  port: 3000
}
[?25h
 ⨯ Failed to start server
Error: listen EADDRINUSE: address already in use :::3000
    at <unknown> (Error: listen EADDRINUSE: address already in use :::3000)
    at new Promise (<anonymous>) {
  code: 'EADDRINUSE',
  errno: -48,
  syscall: 'listen',
  address: '::',
  port: 3000
}
[?25h
 ⨯ Failed to start server
Error: listen EADDRINUSE: address already in use :::3000
    at <unknown> (Error: listen EADDRINUSE: address already in use :::3000)
    at new Promise (<anonymous>) {
  code: 'EADDRINUSE',
  errno: -48,
  syscall: 'listen',
  address: '::',
  port: 3000
}
[?25h
 ⨯ Failed to start server
Error: listen EADDRINUSE: address already in use :::3000
    at <unknown> (Error: listen EADDRINUSE: address already in use :::3000)
    at new Promise (<anonymous>) {
  code: 'EADDRINUSE',
  errno: -48,
  syscall: 'listen',
  address: '::',
  port: 3000
}
[?25h
 ⨯ Failed to start server
Error: listen EADDRINUSE: address already in use :::3000
    at <unknown> (Error: listen EADDRINUSE: address already in use :::3000)
    at new Promise (<anonymous>) {
  code: 'EADDRINUSE',
  errno: -48,
  syscall: 'listen',
  address: '::',
  port: 3000
}
[?25h
 ⨯ Failed to start server
Error: listen EADDRINUSE: address already in use :::3000
    at <unknown> (Error: listen EADDRINUSE: address already in use :::3000)
    at new Promise (<anonymous>) {
  code: 'EADDRINUSE',
  errno: -48,
  syscall: 'listen',
  address: '::',
  port: 3000
}
[?25h
 ⨯ Failed to start server
Error: listen EADDRINUSE: address already in use :::3000
    at <unknown> (Error: listen EADDRINUSE: address already in use :::3000)
    at new Promise (<anonymous>) {
  code: 'EADDRINUSE',
  errno: -48,
  syscall: 'listen',
  address: '::',
  port: 3000
}
[?25h
 ⨯ Failed to start server
Error: listen EADDRINUSE: address already in use :::3000
    at <unknown> (Error: listen EADDRINUSE: address already in use :::3000)
    at new Promise (<anonymous>) {
  code: 'EADDRINUSE',
  errno: -48,
  syscall: 'listen',
  address: '::',
  port: 3000
}
[?25h
 ⨯ Failed to start server
Error: listen EADDRINUSE: address already in use :::3000
    at <unknown> (Error: listen EADDRINUSE: address already in use :::3000)
    at new Promise (<anonymous>) {
  code: 'EADDRINUSE',
  errno: -48,
  syscall: 'listen',
  address: '::',
  port: 3000
}
[?25h
 ⨯ Failed to start server
Error: listen EADDRINUSE: address already in use :::3000
    at <unknown> (Error: listen EADDRINUSE: address already in use :::3000)
    at new Promise (<anonymous>) {
  code: 'EADDRINUSE',
  errno: -48,
  syscall: 'listen',
  address: '::',
  port: 3000
}
[?25h
 ⨯ Failed to start server
Error: listen EADDRINUSE: address already in use :::3000
    at <unknown> (Error: listen EADDRINUSE: address already in use :::3000)
    at new Promise (<anonymous>) {
  code: 'EADDRINUSE',
  errno: -48,
  syscall: 'listen',
  address: '::',
  port: 3000
}
[?25h
 ⨯ Failed to start server
Error: listen EADDRINUSE: address already in use :::3000
    at <unknown> (Error: listen EADDRINUSE: address already in use :::3000)
    at new Promise (<anonymous>) {
  code: 'EADDRINUSE',
  errno: -48,
  syscall: 'listen',
  address: '::',
  port: 3000
}
[?25h
 ⨯ Failed to start server
Error: listen EADDRINUSE: address already in use :::3000
    at <unknown> (Error: listen EADDRINUSE: address already in use :::3000)
    at new Promise (<anonymous>) {
  code: 'EADDRINUSE',
  errno: -48,
  syscall: 'listen',
  address: '::',
  port: 3000
}
[?25h
 ⨯ Failed to start server
Error: listen EADDRINUSE: address already in use :::3000
    at <unknown> (Error: listen EADDRINUSE: address already in use :::3000)
    at new Promise (<anonymous>) {
  code: 'EADDRINUSE',
  errno: -48,
  syscall: 'listen',
  address: '::',
  port: 3000
}
[?25h
 ⨯ Failed to start server
Error: listen EADDRINUSE: address already in use :::3000
    at <unknown> (Error: listen EADDRINUSE: address already in use :::3000)
    at new Promise (<anonymous>) {
  code: 'EADDRINUSE',
  errno: -48,
  syscall: 'listen',
  address: '::',
  port: 3000
}
[?25h
 ⨯ Failed to start server
Error: listen EADDRINUSE: address already in use :::3000
    at <unknown> (Error: listen EADDRINUSE: address already in use :::3000)
    at new Promise (<anonymous>) {
  code: 'EADDRINUSE',
  errno: -48,
  syscall: 'listen',
  address: '::',
  port: 3000
}
[?25h
 ⨯ Failed to start server
Error: listen EADDRINUSE: address already in use :::3000
    at <unknown> (Error: listen EADDRINUSE: address already in use :::3000)
    at new Promise (<anonymous>) {
  code: 'EADDRINUSE',
  errno: -48,
  syscall: 'listen',
  address: '::',
  port: 3000
}
[?25h
 ⨯ Failed to start server
Error: listen EADDRINUSE: address already in use :::3000
    at <unknown> (Error: listen EADDRINUSE: address already in use :::3000)
    at new Promise (<anonymous>) {
  code: 'EADDRINUSE',
  errno: -48,
  syscall: 'listen',
  address: '::',
  port: 3000
}
[?25h
 ⨯ Failed to start server
Error: listen EADDRINUSE: address already in use :::3000
    at <unknown> (Error: listen EADDRINUSE: address already in use :::3000)
    at new Promise (<anonymous>) {
  code: 'EADDRINUSE',
  errno: -48,
  syscall: 'listen',
  address: '::',
  port: 3000
}
[?25h
 ⨯ Failed to start server
Error: listen EADDRINUSE: address already in use :::3000
    at <unknown> (Error: listen EADDRINUSE: address already in use :::3000)
    at new Promise (<anonymous>) {
  code: 'EADDRINUSE',
  errno: -48,
  syscall: 'listen',
  address: '::',
  port: 3000
}
[?25h
 ⨯ Failed to start server
Error: listen EADDRINUSE: address already in use :::3000
    at <unknown> (Error: listen EADDRINUSE: address already in use :::3000)
    at new Promise (<anonymous>) {
  code: 'EADDRINUSE',
  errno: -48,
  syscall: 'listen',
  address: '::',
  port: 3000
}
[?25h
 ⨯ Failed to start server
Error: listen EADDRINUSE: address already in use :::3000
    at <unknown> (Error: listen EADDRINUSE: address already in use :::3000)
    at new Promise (<anonymous>) {
  code: 'EADDRINUSE',
  errno: -48,
  syscall: 'listen',
  address: '::',
  port: 3000
}
[?25h
 ⨯ Failed to start server
Error: listen EADDRINUSE: address already in use :::3000
    at <unknown> (Error: listen EADDRINUSE: address already in use :::3000)
    at new Promise (<anonymous>) {
  code: 'EADDRINUSE',
  errno: -48,
  syscall: 'listen',
  address: '::',
  port: 3000
}
[?25h
 ⨯ Failed to start server
Error: listen EADDRINUSE: address already in use :::3000
    at <unknown> (Error: listen EADDRINUSE: address already in use :::3000)
    at new Promise (<anonymous>) {
  code: 'EADDRINUSE',
  errno: -48,
  syscall: 'listen',
  address: '::',
  port: 3000
}
[?25h
 ⨯ Failed to start server
Error: listen EADDRINUSE: address already in use :::3000
    at <unknown> (Error: listen EADDRINUSE: address already in use :::3000)
    at new Promise (<anonymous>) {
  code: 'EADDRINUSE',
  errno: -48,
  syscall: 'listen',
  address: '::',
  port: 3000
}
[?25h
 ⨯ Failed to start server
Error: listen EADDRINUSE: address already in use :::3000
    at <unknown> (Error: listen EADDRINUSE: address already in use :::3000)
    at new Promise (<anonymous>) {
  code: 'EADDRINUSE',
  errno: -48,
  syscall: 'listen',
  address: '::',
  port: 3000
}
[?25h
 ⨯ Failed to start server
Error: listen EADDRINUSE: address already in use :::3000
    at <unknown> (Error: listen EADDRINUSE: address already in use :::3000)
    at new Promise (<anonymous>) {
  code: 'EADDRINUSE',
  errno: -48,
  syscall: 'listen',
  address: '::',
  port: 3000
}
[?25h
 ⨯ Failed to start server
Error: listen EADDRINUSE: address already in use :::3000
    at <unknown> (Error: listen EADDRINUSE: address already in use :::3000)
    at new Promise (<anonymous>) {
  code: 'EADDRINUSE',
  errno: -48,
  syscall: 'listen',
  address: '::',
  port: 3000
}
[?25h
 ⨯ Failed to start server
Error: listen EADDRINUSE: address already in use :::3000
    at <unknown> (Error: listen EADDRINUSE: address already in use :::3000)
    at new Promise (<anonymous>) {
  code: 'EADDRINUSE',
  errno: -48,
  syscall: 'listen',
  address: '::',
  port: 3000
}
[?25h
 ⨯ Failed to start server
Error: listen EADDRINUSE: address already in use :::3000
    at <unknown> (Error: listen EADDRINUSE: address already in use :::3000)
    at new Promise (<anonymous>) {
  code: 'EADDRINUSE',
  errno: -48,
  syscall: 'listen',
  address: '::',
  port: 3000
}
[?25h
 ⨯ Failed to start server
Error: listen EADDRINUSE: address already in use :::3000
    at <unknown> (Error: listen EADDRINUSE: address already in use :::3000)
    at new Promise (<anonymous>) {
  code: 'EADDRINUSE',
  errno: -48,
  syscall: 'listen',
  address: '::',
  port: 3000
}
[?25h
 ⨯ Failed to start server
Error: listen EADDRINUSE: address already in use :::3000
    at <unknown> (Error: listen EADDRINUSE: address already in use :::3000)
    at new Promise (<anonymous>) {
  code: 'EADDRINUSE',
  errno: -48,
  syscall: 'listen',
  address: '::',
  port: 3000
}
[?25h
 ⨯ Failed to start server
Error: listen EADDRINUSE: address already in use :::3000
    at <unknown> (Error: listen EADDRINUSE: address already in use :::3000)
    at new Promise (<anonymous>) {
  code: 'EADDRINUSE',
  errno: -48,
  syscall: 'listen',
  address: '::',
  port: 3000
}
[?25h
 ⨯ Failed to start server
Error: listen EADDRINUSE: address already in use :::3000
    at <unknown> (Error: listen EADDRINUSE: address already in use :::3000)
    at new Promise (<anonymous>) {
  code: 'EADDRINUSE',
  errno: -48,
  syscall: 'listen',
  address: '::',
  port: 3000
}
[?25h
 ⨯ Failed to start server
Error: listen EADDRINUSE: address already in use :::3000
    at <unknown> (Error: listen EADDRINUSE: address already in use :::3000)
    at new Promise (<anonymous>) {
  code: 'EADDRINUSE',
  errno: -48,
  syscall: 'listen',
  address: '::',
  port: 3000
}
[?25h
 ⨯ Failed to start server
Error: listen EADDRINUSE: address already in use :::3000
    at <unknown> (Error: listen EADDRINUSE: address already in use :::3000)
    at new Promise (<anonymous>) {
  code: 'EADDRINUSE',
  errno: -48,
  syscall: 'listen',
  address: '::',
  port: 3000
}
[?25h
 ⨯ Failed to start server
Error: listen EADDRINUSE: address already in use :::3000
    at <unknown> (Error: listen EADDRINUSE: address already in use :::3000)
    at new Promise (<anonymous>) {
  code: 'EADDRINUSE',
  errno: -48,
  syscall: 'listen',
  address: '::',
  port: 3000
}
[?25h
 ⨯ Failed to start server
Error: listen EADDRINUSE: address already in use :::3000
    at <unknown> (Error: listen EADDRINUSE: address already in use :::3000)
    at new Promise (<anonymous>) {
  code: 'EADDRINUSE',
  errno: -48,
  syscall: 'listen',
  address: '::',
  port: 3000
}
[?25h
 ⨯ Failed to start server
Error: listen EADDRINUSE: address already in use :::3000
    at <unknown> (Error: listen EADDRINUSE: address already in use :::3000)
    at new Promise (<anonymous>) {
  code: 'EADDRINUSE',
  errno: -48,
  syscall: 'listen',
  address: '::',
  port: 3000
}
[?25h
 ⨯ Failed to start server
Error: listen EADDRINUSE: address already in use :::3000
    at <unknown> (Error: listen EADDRINUSE: address already in use :::3000)
    at new Promise (<anonymous>) {
  code: 'EADDRINUSE',
  errno: -48,
  syscall: 'listen',
  address: '::',
  port: 3000
}
[?25h
 ⨯ Failed to start server
Error: listen EADDRINUSE: address already in use :::3000
    at <unknown> (Error: listen EADDRINUSE: address already in use :::3000)
    at new Promise (<anonymous>) {
  code: 'EADDRINUSE',
  errno: -48,
  syscall: 'listen',
  address: '::',
  port: 3000
}
[?25h
 ⨯ Failed to start server
Error: listen EADDRINUSE: address already in use :::3000
    at <unknown> (Error: listen EADDRINUSE: address already in use :::3000)
    at new Promise (<anonymous>) {
  code: 'EADDRINUSE',
  errno: -48,
  syscall: 'listen',
  address: '::',
  port: 3000
}
[?25h
 ⨯ Failed to start server
Error: listen EADDRINUSE: address already in use :::3000
    at <unknown> (Error: listen EADDRINUSE: address already in use :::3000)
    at new Promise (<anonymous>) {
  code: 'EADDRINUSE',
  errno: -48,
  syscall: 'listen',
  address: '::',
  port: 3000
}
[?25h
 ⨯ Failed to start server
Error: listen EADDRINUSE: address already in use :::3000
    at <unknown> (Error: listen EADDRINUSE: address already in use :::3000)
    at new Promise (<anonymous>) {
  code: 'EADDRINUSE',
  errno: -48,
  syscall: 'listen',
  address: '::',
  port: 3000
}
[?25h
 ⨯ Failed to start server
Error: listen EADDRINUSE: address already in use :::3000
    at <unknown> (Error: listen EADDRINUSE: address already in use :::3000)
    at new Promise (<anonymous>) {
  code: 'EADDRINUSE',
  errno: -48,
  syscall: 'listen',
  address: '::',
  port: 3000
}
[?25h
 ⨯ Failed to start server
Error: listen EADDRINUSE: address already in use :::3000
    at <unknown> (Error: listen EADDRINUSE: address already in use :::3000)
    at new Promise (<anonymous>) {
  code: 'EADDRINUSE',
  errno: -48,
  syscall: 'listen',
  address: '::',
  port: 3000
}
[?25h
 ⨯ Failed to start server
Error: listen EADDRINUSE: address already in use :::3000
    at <unknown> (Error: listen EADDRINUSE: address already in use :::3000)
    at new Promise (<anonymous>) {
  code: 'EADDRINUSE',
  errno: -48,
  syscall: 'listen',
  address: '::',
  port: 3000
}
[?25h
 ⨯ Failed to start server
Error: listen EADDRINUSE: address already in use :::3000
    at <unknown> (Error: listen EADDRINUSE: address already in use :::3000)
    at new Promise (<anonymous>) {
  code: 'EADDRINUSE',
  errno: -48,
  syscall: 'listen',
  address: '::',
  port: 3000
}
[?25h
 ⨯ Failed to start server
Error: listen EADDRINUSE: address already in use :::3000
    at <unknown> (Error: listen EADDRINUSE: address already in use :::3000)
    at new Promise (<anonymous>) {
  code: 'EADDRINUSE',
  errno: -48,
  syscall: 'listen',
  address: '::',
  port: 3000
}
[?25h
 ⨯ Failed to start server
Error: listen EADDRINUSE: address already in use :::3000
    at <unknown> (Error: listen EADDRINUSE: address already in use :::3000)
    at new Promise (<anonymous>) {
  code: 'EADDRINUSE',
  errno: -48,
  syscall: 'listen',
  address: '::',
  port: 3000
}
[?25h
 ⨯ Failed to start server
Error: listen EADDRINUSE: address already in use :::3000
    at <unknown> (Error: listen EADDRINUSE: address already in use :::3000)
    at new Promise (<anonymous>) {
  code: 'EADDRINUSE',
  errno: -48,
  syscall: 'listen',
  address: '::',
  port: 3000
}
[?25h
 ⨯ Failed to start server
Error: listen EADDRINUSE: address already in use :::3000
    at <unknown> (Error: listen EADDRINUSE: address already in use :::3000)
    at new Promise (<anonymous>) {
  code: 'EADDRINUSE',
  errno: -48,
  syscall: 'listen',
  address: '::',
  port: 3000
}
[?25h
 ⨯ Failed to start server
Error: listen EADDRINUSE: address already in use :::3000
    at <unknown> (Error: listen EADDRINUSE: address already in use :::3000)
    at new Promise (<anonymous>) {
  code: 'EADDRINUSE',
  errno: -48,
  syscall: 'listen',
  address: '::',
  port: 3000
}
[?25h
 ⨯ Failed to start server
Error: listen EADDRINUSE: address already in use :::3000
    at <unknown> (Error: listen EADDRINUSE: address already in use :::3000)
    at new Promise (<anonymous>) {
  code: 'EADDRINUSE',
  errno: -48,
  syscall: 'listen',
  address: '::',
  port: 3000
}
[?25h
 ⨯ Failed to start server
Error: listen EADDRINUSE: address already in use :::3000
    at <unknown> (Error: listen EADDRINUSE: address already in use :::3000)
    at new Promise (<anonymous>) {
  code: 'EADDRINUSE',
  errno: -48,
  syscall: 'listen',
  address: '::',
  port: 3000
}
[?25h
 ⨯ Failed to start server
Error: listen EADDRINUSE: address already in use :::3000
    at <unknown> (Error: listen EADDRINUSE: address already in use :::3000)
    at new Promise (<anonymous>) {
  code: 'EADDRINUSE',
  errno: -48,
  syscall: 'listen',
  address: '::',
  port: 3000
}
[?25h
 ⨯ Failed to start server
Error: listen EADDRINUSE: address already in use :::3000
    at <unknown> (Error: listen EADDRINUSE: address already in use :::3000)
    at new Promise (<anonymous>) {
  code: 'EADDRINUSE',
  errno: -48,
  syscall: 'listen',
  address: '::',
  port: 3000
}
[?25h
 ⨯ Failed to start server
Error: listen EADDRINUSE: address already in use :::3000
    at <unknown> (Error: listen EADDRINUSE: address already in use :::3000)
    at new Promise (<anonymous>) {
  code: 'EADDRINUSE',
  errno: -48,
  syscall: 'listen',
  address: '::',
  port: 3000
}
[?25h
 ⨯ Failed to start server
Error: listen EADDRINUSE: address already in use :::3000
    at <unknown> (Error: listen EADDRINUSE: address already in use :::3000)
    at new Promise (<anonymous>) {
  code: 'EADDRINUSE',
  errno: -48,
  syscall: 'listen',
  address: '::',
  port: 3000
}
[?25h
 ⨯ Failed to start server
Error: listen EADDRINUSE: address already in use :::3000
    at <unknown> (Error: listen EADDRINUSE: address already in use :::3000)
    at new Promise (<anonymous>) {
  code: 'EADDRINUSE',
  errno: -48,
  syscall: 'listen',
  address: '::',
  port: 3000
}
[?25h
 ⨯ Failed to start server
Error: listen EADDRINUSE: address already in use :::3000
    at <unknown> (Error: listen EADDRINUSE: address already in use :::3000)
    at new Promise (<anonymous>) {
  code: 'EADDRINUSE',
  errno: -48,
  syscall: 'listen',
  address: '::',
  port: 3000
}
[?25h
 ⨯ Failed to start server
Error: listen EADDRINUSE: address already in use :::3000
    at <unknown> (Error: listen EADDRINUSE: address already in use :::3000)
    at new Promise (<anonymous>) {
  code: 'EADDRINUSE',
  errno: -48,
  syscall: 'listen',
  address: '::',
  port: 3000
}
[?25h
 ⨯ Failed to start server
Error: listen EADDRINUSE: address already in use :::3000
    at <unknown> (Error: listen EADDRINUSE: address already in use :::3000)
    at new Promise (<anonymous>) {
  code: 'EADDRINUSE',
  errno: -48,
  syscall: 'listen',
  address: '::',
  port: 3000
}
[?25h
 ⨯ Failed to start server
Error: listen EADDRINUSE: address already in use :::3000
    at <unknown> (Error: listen EADDRINUSE: address already in use :::3000)
    at new Promise (<anonymous>) {
  code: 'EADDRINUSE',
  errno: -48,
  syscall: 'listen',
  address: '::',
  port: 3000
}
[?25h
 ⨯ Failed to start server
Error: listen EADDRINUSE: address already in use :::3000
    at <unknown> (Error: listen EADDRINUSE: address already in use :::3000)
    at new Promise (<anonymous>) {
  code: 'EADDRINUSE',
  errno: -48,
  syscall: 'listen',
  address: '::',
  port: 3000
}
[?25h
 ⨯ Failed to start server
Error: listen EADDRINUSE: address already in use :::3000
    at <unknown> (Error: listen EADDRINUSE: address already in use :::3000)
    at new Promise (<anonymous>) {
  code: 'EADDRINUSE',
  errno: -48,
  syscall: 'listen',
  address: '::',
  port: 3000
}
[?25h
 ⨯ Failed to start server
Error: listen EADDRINUSE: address already in use :::3000
    at <unknown> (Error: listen EADDRINUSE: address already in use :::3000)
    at new Promise (<anonymous>) {
  code: 'EADDRINUSE',
  errno: -48,
  syscall: 'listen',
  address: '::',
  port: 3000
}
[?25h
 ⨯ Failed to start server
Error: listen EADDRINUSE: address already in use :::3000
    at <unknown> (Error: listen EADDRINUSE: address already in use :::3000)
    at new Promise (<anonymous>) {
  code: 'EADDRINUSE',
  errno: -48,
  syscall: 'listen',
  address: '::',
  port: 3000
}
[?25h
 ⨯ Failed to start server
Error: listen EADDRINUSE: address already in use :::3000
    at <unknown> (Error: listen EADDRINUSE: address already in use :::3000)
    at new Promise (<anonymous>) {
  code: 'EADDRINUSE',
  errno: -48,
  syscall: 'listen',
  address: '::',
  port: 3000
}
[?25h
 ⨯ Failed to start server
Error: listen EADDRINUSE: address already in use :::3000
    at <unknown> (Error: listen EADDRINUSE: address already in use :::3000)
    at new Promise (<anonymous>) {
  code: 'EADDRINUSE',
  errno: -48,
  syscall: 'listen',
  address: '::',
  port: 3000
}
[?25h
 ⨯ Failed to start server
Error: listen EADDRINUSE: address already in use :::3000
    at <unknown> (Error: listen EADDRINUSE: address already in use :::3000)
    at new Promise (<anonymous>) {
  code: 'EADDRINUSE',
  errno: -48,
  syscall: 'listen',
  address: '::',
  port: 3000
}
[?25h
 ⨯ Failed to start server
Error: listen EADDRINUSE: address already in use :::3000
    at <unknown> (Error: listen EADDRINUSE: address already in use :::3000)
    at new Promise (<anonymous>) {
  code: 'EADDRINUSE',
  errno: -48,
  syscall: 'listen',
  address: '::',
  port: 3000
}
[?25h
 ⨯ Failed to start server
Error: listen EADDRINUSE: address already in use :::3000
    at <unknown> (Error: listen EADDRINUSE: address already in use :::3000)
    at new Promise (<anonymous>) {
  code: 'EADDRINUSE',
  errno: -48,
  syscall: 'listen',
  address: '::',
  port: 3000
}
[?25h
 ⨯ Failed to start server
Error: listen EADDRINUSE: address already in use :::3000
    at <unknown> (Error: listen EADDRINUSE: address already in use :::3000)
    at new Promise (<anonymous>) {
  code: 'EADDRINUSE',
  errno: -48,
  syscall: 'listen',
  address: '::',
  port: 3000
}
[?25h
 ⨯ Failed to start server
Error: listen EADDRINUSE: address already in use :::3000
    at <unknown> (Error: listen EADDRINUSE: address already in use :::3000)
    at new Promise (<anonymous>) {
  code: 'EADDRINUSE',
  errno: -48,
  syscall: 'listen',
  address: '::',
  port: 3000
}
[?25h
 ⨯ Failed to start server
Error: listen EADDRINUSE: address already in use :::3000
    at <unknown> (Error: listen EADDRINUSE: address already in use :::3000)
    at new Promise (<anonymous>) {
  code: 'EADDRINUSE',
  errno: -48,
  syscall: 'listen',
  address: '::',
  port: 3000
}
[?25h
 ⨯ Failed to start server
Error: listen EADDRINUSE: address already in use :::3000
    at <unknown> (Error: listen EADDRINUSE: address already in use :::3000)
    at new Promise (<anonymous>) {
  code: 'EADDRINUSE',
  errno: -48,
  syscall: 'listen',
  address: '::',
  port: 3000
}
[?25h
 ⨯ Failed to start server
Error: listen EADDRINUSE: address already in use :::3000
    at <unknown> (Error: listen EADDRINUSE: address already in use :::3000)
    at new Promise (<anonymous>) {
  code: 'EADDRINUSE',
  errno: -48,
  syscall: 'listen',
  address: '::',
  port: 3000
}
[?25h
 ⨯ Failed to start server
Error: listen EADDRINUSE: address already in use :::3000
    at <unknown> (Error: listen EADDRINUSE: address already in use :::3000)
    at new Promise (<anonymous>) {
  code: 'EADDRINUSE',
  errno: -48,
  syscall: 'listen',
  address: '::',
  port: 3000
}
[?25h
 ⨯ Failed to start server
Error: listen EADDRINUSE: address already in use :::3000
    at <unknown> (Error: listen EADDRINUSE: address already in use :::3000)
    at new Promise (<anonymous>) {
  code: 'EADDRINUSE',
  errno: -48,
  syscall: 'listen',
  address: '::',
  port: 3000
}
[?25h
 ⨯ Failed to start server
Error: listen EADDRINUSE: address already in use :::3000
    at <unknown> (Error: listen EADDRINUSE: address already in use :::3000)
    at new Promise (<anonymous>) {
  code: 'EADDRINUSE',
  errno: -48,
  syscall: 'listen',
  address: '::',
  port: 3000
}
[?25h
 ⨯ Failed to start server
Error: listen EADDRINUSE: address already in use :::3000
    at <unknown> (Error: listen EADDRINUSE: address already in use :::3000)
    at new Promise (<anonymous>) {
  code: 'EADDRINUSE',
  errno: -48,
  syscall: 'listen',
  address: '::',
  port: 3000
}
[?25h
 ⨯ Failed to start server
Error: listen EADDRINUSE: address already in use :::3000
    at <unknown> (Error: listen EADDRINUSE: address already in use :::3000)
    at new Promise (<anonymous>) {
  code: 'EADDRINUSE',
  errno: -48,
  syscall: 'listen',
  address: '::',
  port: 3000
}
[?25h
 ⨯ Failed to start server
Error: listen EADDRINUSE: address already in use :::3000
    at <unknown> (Error: listen EADDRINUSE: address already in use :::3000)
    at new Promise (<anonymous>) {
  code: 'EADDRINUSE',
  errno: -48,
  syscall: 'listen',
  address: '::',
  port: 3000
}
[?25h
 ⨯ Failed to start server
Error: listen EADDRINUSE: address already in use :::3000
    at <unknown> (Error: listen EADDRINUSE: address already in use :::3000)
    at new Promise (<anonymous>) {
  code: 'EADDRINUSE',
  errno: -48,
  syscall: 'listen',
  address: '::',
  port: 3000
}
[?25h
 ⨯ Failed to start server
Error: listen EADDRINUSE: address already in use :::3000
    at <unknown> (Error: listen EADDRINUSE: address already in use :::3000)
    at new Promise (<anonymous>) {
  code: 'EADDRINUSE',
  errno: -48,
  syscall: 'listen',
  address: '::',
  port: 3000
}
[?25h
 ⨯ Failed to start server
Error: listen EADDRINUSE: address already in use :::3000
    at <unknown> (Error: listen EADDRINUSE: address already in use :::3000)
    at new Promise (<anonymous>) {
  code: 'EADDRINUSE',
  errno: -48,
  syscall: 'listen',
  address: '::',
  port: 3000
}
[?25h
 ⨯ Failed to start server
Error: listen EADDRINUSE: address already in use :::3000
    at <unknown> (Error: listen EADDRINUSE: address already in use :::3000)
    at new Promise (<anonymous>) {
  code: 'EADDRINUSE',
  errno: -48,
  syscall: 'listen',
  address: '::',
  port: 3000
}
[?25h
 ⨯ Failed to start server
Error: listen EADDRINUSE: address already in use :::3000
    at <unknown> (Error: listen EADDRINUSE: address already in use :::3000)
    at new Promise (<anonymous>) {
  code: 'EADDRINUSE',
  errno: -48,
  syscall: 'listen',
  address: '::',
  port: 3000
}
[?25h
 ⨯ Failed to start server
Error: listen EADDRINUSE: address already in use :::3000
    at <unknown> (Error: listen EADDRINUSE: address already in use :::3000)
    at new Promise (<anonymous>) {
  code: 'EADDRINUSE',
  errno: -48,
  syscall: 'listen',
  address: '::',
  port: 3000
}
[?25h
 ⨯ Failed to start server
Error: listen EADDRINUSE: address already in use :::3000
    at <unknown> (Error: listen EADDRINUSE: address already in use :::3000)
    at new Promise (<anonymous>) {
  code: 'EADDRINUSE',
  errno: -48,
  syscall: 'listen',
  address: '::',
  port: 3000
}
[?25h
 ⨯ Failed to start server
Error: listen EADDRINUSE: address already in use :::3000
    at <unknown> (Error: listen EADDRINUSE: address already in use :::3000)
    at new Promise (<anonymous>) {
  code: 'EADDRINUSE',
  errno: -48,
  syscall: 'listen',
  address: '::',
  port: 3000
}
[?25h
 ⨯ Failed to start server
Error: listen EADDRINUSE: address already in use :::3000
    at <unknown> (Error: listen EADDRINUSE: address already in use :::3000)
    at new Promise (<anonymous>) {
  code: 'EADDRINUSE',
  errno: -48,
  syscall: 'listen',
  address: '::',
  port: 3000
}
[?25h
 ⨯ Failed to start server
Error: listen EADDRINUSE: address already in use :::3000
    at <unknown> (Error: listen EADDRINUSE: address already in use :::3000)
    at new Promise (<anonymous>) {
  code: 'EADDRINUSE',
  errno: -48,
  syscall: 'listen',
  address: '::',
  port: 3000
}
[?25h
 ⨯ Failed to start server
Error: listen EADDRINUSE: address already in use :::3000
    at <unknown> (Error: listen EADDRINUSE: address already in use :::3000)
    at new Promise (<anonymous>) {
  code: 'EADDRINUSE',
  errno: -48,
  syscall: 'listen',
  address: '::',
  port: 3000
}
[?25h
 ⨯ Failed to start server
Error: listen EADDRINUSE: address already in use :::3000
    at <unknown> (Error: listen EADDRINUSE: address already in use :::3000)
    at new Promise (<anonymous>) {
  code: 'EADDRINUSE',
  errno: -48,
  syscall: 'listen',
  address: '::',
  port: 3000
}
[?25h
 ⨯ Failed to start server
Error: listen EADDRINUSE: address already in use :::3000
    at <unknown> (Error: listen EADDRINUSE: address already in use :::3000)
    at new Promise (<anonymous>) {
  code: 'EADDRINUSE',
  errno: -48,
  syscall: 'listen',
  address: '::',
  port: 3000
}
[?25h
 ⨯ Failed to start server
Error: listen EADDRINUSE: address already in use :::3000
    at <unknown> (Error: listen EADDRINUSE: address already in use :::3000)
    at new Promise (<anonymous>) {
  code: 'EADDRINUSE',
  errno: -48,
  syscall: 'listen',
  address: '::',
  port: 3000
}
[?25h
 ⨯ Failed to start server
Error: listen EADDRINUSE: address already in use :::3000
    at <unknown> (Error: listen EADDRINUSE: address already in use :::3000)
    at new Promise (<anonymous>) {
  code: 'EADDRINUSE',
  errno: -48,
  syscall: 'listen',
  address: '::',
  port: 3000
}
[?25h
 ⨯ Failed to start server
Error: listen EADDRINUSE: address already in use :::3000
    at <unknown> (Error: listen EADDRINUSE: address already in use :::3000)
    at new Promise (<anonymous>) {
  code: 'EADDRINUSE',
  errno: -48,
  syscall: 'listen',
  address: '::',
  port: 3000
}
[?25h
 ⨯ Failed to start server
Error: listen EADDRINUSE: address already in use :::3000
    at <unknown> (Error: listen EADDRINUSE: address already in use :::3000)
    at new Promise (<anonymous>) {
  code: 'EADDRINUSE',
  errno: -48,
  syscall: 'listen',
  address: '::',
  port: 3000
}
[?25h
 ⨯ Failed to start server
Error: listen EADDRINUSE: address already in use :::3000
    at <unknown> (Error: listen EADDRINUSE: address already in use :::3000)
    at new Promise (<anonymous>) {
  code: 'EADDRINUSE',
  errno: -48,
  syscall: 'listen',
  address: '::',
  port: 3000
}
[?25h
 ⨯ Failed to start server
Error: listen EADDRINUSE: address already in use :::3000
    at <unknown> (Error: listen EADDRINUSE: address already in use :::3000)
    at new Promise (<anonymous>) {
  code: 'EADDRINUSE',
  errno: -48,
  syscall: 'listen',
  address: '::',
  port: 3000
}
[?25h
 ⨯ Failed to start server
Error: listen EADDRINUSE: address already in use :::3000
    at <unknown> (Error: listen EADDRINUSE: address already in use :::3000)
    at new Promise (<anonymous>) {
  code: 'EADDRINUSE',
  errno: -48,
  syscall: 'listen',
  address: '::',
  port: 3000
}
[?25h
 ⨯ Failed to start server
Error: listen EADDRINUSE: address already in use :::3000
    at <unknown> (Error: listen EADDRINUSE: address already in use :::3000)
    at new Promise (<anonymous>) {
  code: 'EADDRINUSE',
  errno: -48,
  syscall: 'listen',
  address: '::',
  port: 3000
}
[?25h
 ⨯ Failed to start server
Error: listen EADDRINUSE: address already in use :::3000
    at <unknown> (Error: listen EADDRINUSE: address already in use :::3000)
    at new Promise (<anonymous>) {
  code: 'EADDRINUSE',
  errno: -48,
  syscall: 'listen',
  address: '::',
  port: 3000
}
[?25h
 ⨯ Failed to start server
Error: listen EADDRINUSE: address already in use :::3000
    at <unknown> (Error: listen EADDRINUSE: address already in use :::3000)
    at new Promise (<anonymous>) {
  code: 'EADDRINUSE',
  errno: -48,
  syscall: 'listen',
  address: '::',
  port: 3000
}
[?25h
 ⨯ Failed to start server
Error: listen EADDRINUSE: address already in use :::3000
    at <unknown> (Error: listen EADDRINUSE: address already in use :::3000)
    at new Promise (<anonymous>) {
  code: 'EADDRINUSE',
  errno: -48,
  syscall: 'listen',
  address: '::',
  port: 3000
}
[?25h
 ⨯ Failed to start server
Error: listen EADDRINUSE: address already in use :::3000
    at <unknown> (Error: listen EADDRINUSE: address already in use :::3000)
    at new Promise (<anonymous>) {
  code: 'EADDRINUSE',
  errno: -48,
  syscall: 'listen',
  address: '::',
  port: 3000
}
[?25h
 ⨯ Failed to start server
Error: listen EADDRINUSE: address already in use :::3000
    at <unknown> (Error: listen EADDRINUSE: address already in use :::3000)
    at new Promise (<anonymous>) {
  code: 'EADDRINUSE',
  errno: -48,
  syscall: 'listen',
  address: '::',
  port: 3000
}
[?25h
 ⨯ Failed to start server
Error: listen EADDRINUSE: address already in use :::3000
    at <unknown> (Error: listen EADDRINUSE: address already in use :::3000)
    at new Promise (<anonymous>) {
  code: 'EADDRINUSE',
  errno: -48,
  syscall: 'listen',
  address: '::',
  port: 3000
}
[?25h
 ⨯ Failed to start server
Error: listen EADDRINUSE: address already in use :::3000
    at <unknown> (Error: listen EADDRINUSE: address already in use :::3000)
    at new Promise (<anonymous>) {
  code: 'EADDRINUSE',
  errno: -48,
  syscall: 'listen',
  address: '::',
  port: 3000
}
[?25h
 ⨯ Failed to start server
Error: listen EADDRINUSE: address already in use :::3000
    at <unknown> (Error: listen EADDRINUSE: address already in use :::3000)
    at new Promise (<anonymous>) {
  code: 'EADDRINUSE',
  errno: -48,
  syscall: 'listen',
  address: '::',
  port: 3000
}
[?25h
 ⨯ Failed to start server
Error: listen EADDRINUSE: address already in use :::3000
    at <unknown> (Error: listen EADDRINUSE: address already in use :::3000)
    at new Promise (<anonymous>) {
  code: 'EADDRINUSE',
  errno: -48,
  syscall: 'listen',
  address: '::',
  port: 3000
}
[?25h
 ⨯ Failed to start server
Error: listen EADDRINUSE: address already in use :::3000
    at <unknown> (Error: listen EADDRINUSE: address already in use :::3000)
    at new Promise (<anonymous>) {
  code: 'EADDRINUSE',
  errno: -48,
  syscall: 'listen',
  address: '::',
  port: 3000
}
[?25h
 ⨯ Failed to start server
Error: listen EADDRINUSE: address already in use :::3000
    at <unknown> (Error: listen EADDRINUSE: address already in use :::3000)
    at new Promise (<anonymous>) {
  code: 'EADDRINUSE',
  errno: -48,
  syscall: 'listen',
  address: '::',
  port: 3000
}
[?25h
 ⨯ Failed to start server
Error: listen EADDRINUSE: address already in use :::3000
    at <unknown> (Error: listen EADDRINUSE: address already in use :::3000)
    at new Promise (<anonymous>) {
  code: 'EADDRINUSE',
  errno: -48,
  syscall: 'listen',
  address: '::',
  port: 3000
}
[?25h
 ⨯ Failed to start server
Error: listen EADDRINUSE: address already in use :::3000
    at <unknown> (Error: listen EADDRINUSE: address already in use :::3000)
    at new Promise (<anonymous>) {
  code: 'EADDRINUSE',
  errno: -48,
  syscall: 'listen',
  address: '::',
  port: 3000
}
[?25h
 ⨯ Failed to start server
Error: listen EADDRINUSE: address already in use :::3000
    at <unknown> (Error: listen EADDRINUSE: address already in use :::3000)
    at new Promise (<anonymous>) {
  code: 'EADDRINUSE',
  errno: -48,
  syscall: 'listen',
  address: '::',
  port: 3000
}
[?25h
 ⨯ Failed to start server
Error: listen EADDRINUSE: address already in use :::3000
    at <unknown> (Error: listen EADDRINUSE: address already in use :::3000)
    at new Promise (<anonymous>) {
  code: 'EADDRINUSE',
  errno: -48,
  syscall: 'listen',
  address: '::',
  port: 3000
}
[?25h
 ⨯ Failed to start server
Error: listen EADDRINUSE: address already in use :::3000
    at <unknown> (Error: listen EADDRINUSE: address already in use :::3000)
    at new Promise (<anonymous>) {
  code: 'EADDRINUSE',
  errno: -48,
  syscall: 'listen',
  address: '::',
  port: 3000
}
[?25h
 ⨯ Failed to start server
Error: listen EADDRINUSE: address already in use :::3000
    at <unknown> (Error: listen EADDRINUSE: address already in use :::3000)
    at new Promise (<anonymous>) {
  code: 'EADDRINUSE',
  errno: -48,
  syscall: 'listen',
  address: '::',
  port: 3000
}
[?25h
 ⨯ Failed to start server
Error: listen EADDRINUSE: address already in use :::3000
    at <unknown> (Error: listen EADDRINUSE: address already in use :::3000)
    at new Promise (<anonymous>) {
  code: 'EADDRINUSE',
  errno: -48,
  syscall: 'listen',
  address: '::',
  port: 3000
}
[?25h
 ⨯ Failed to start server
Error: listen EADDRINUSE: address already in use :::3000
    at <unknown> (Error: listen EADDRINUSE: address already in use :::3000)
    at new Promise (<anonymous>) {
  code: 'EADDRINUSE',
  errno: -48,
  syscall: 'listen',
  address: '::',
  port: 3000
}
[?25h
 ⨯ Failed to start server
Error: listen EADDRINUSE: address already in use :::3000
    at <unknown> (Error: listen EADDRINUSE: address already in use :::3000)
    at new Promise (<anonymous>) {
  code: 'EADDRINUSE',
  errno: -48,
  syscall: 'listen',
  address: '::',
  port: 3000
}
[?25h
 ⨯ Failed to start server
Error: listen EADDRINUSE: address already in use :::3000
    at <unknown> (Error: listen EADDRINUSE: address already in use :::3000)
    at new Promise (<anonymous>) {
  code: 'EADDRINUSE',
  errno: -48,
  syscall: 'listen',
  address: '::',
  port: 3000
}
[?25h
 ⨯ Failed to start server
Error: listen EADDRINUSE: address already in use :::3000
    at <unknown> (Error: listen EADDRINUSE: address already in use :::3000)
    at new Promise (<anonymous>) {
  code: 'EADDRINUSE',
  errno: -48,
  syscall: 'listen',
  address: '::',
  port: 3000
}
[?25h
 ⨯ Failed to start server
Error: listen EADDRINUSE: address already in use :::3000
    at <unknown> (Error: listen EADDRINUSE: address already in use :::3000)
    at new Promise (<anonymous>) {
  code: 'EADDRINUSE',
  errno: -48,
  syscall: 'listen',
  address: '::',
  port: 3000
}
[?25h
 ⨯ Failed to start server
Error: listen EADDRINUSE: address already in use :::3000
    at <unknown> (Error: listen EADDRINUSE: address already in use :::3000)
    at new Promise (<anonymous>) {
  code: 'EADDRINUSE',
  errno: -48,
  syscall: 'listen',
  address: '::',
  port: 3000
}
[?25h
 ⨯ Failed to start server
Error: listen EADDRINUSE: address already in use :::3000
    at <unknown> (Error: listen EADDRINUSE: address already in use :::3000)
    at new Promise (<anonymous>) {
  code: 'EADDRINUSE',
  errno: -48,
  syscall: 'listen',
  address: '::',
  port: 3000
}
[?25h
 ⨯ Failed to start server
Error: listen EADDRINUSE: address already in use :::3000
    at <unknown> (Error: listen EADDRINUSE: address already in use :::3000)
    at new Promise (<anonymous>) {
  code: 'EADDRINUSE',
  errno: -48,
  syscall: 'listen',
  address: '::',
  port: 3000
}
[?25h
 ⨯ Failed to start server
Error: listen EADDRINUSE: address already in use :::3000
    at <unknown> (Error: listen EADDRINUSE: address already in use :::3000)
    at new Promise (<anonymous>) {
  code: 'EADDRINUSE',
  errno: -48,
  syscall: 'listen',
  address: '::',
  port: 3000
}
[?25h
 ⨯ Failed to start server
Error: listen EADDRINUSE: address already in use :::3000
    at <unknown> (Error: listen EADDRINUSE: address already in use :::3000)
    at new Promise (<anonymous>) {
  code: 'EADDRINUSE',
  errno: -48,
  syscall: 'listen',
  address: '::',
  port: 3000
}
[?25h
 ⨯ Failed to start server
Error: listen EADDRINUSE: address already in use :::3000
    at <unknown> (Error: listen EADDRINUSE: address already in use :::3000)
    at new Promise (<anonymous>) {
  code: 'EADDRINUSE',
  errno: -48,
  syscall: 'listen',
  address: '::',
  port: 3000
}
[?25h
 ⨯ Failed to start server
Error: listen EADDRINUSE: address already in use :::3000
    at <unknown> (Error: listen EADDRINUSE: address already in use :::3000)
    at new Promise (<anonymous>) {
  code: 'EADDRINUSE',
  errno: -48,
  syscall: 'listen',
  address: '::',
  port: 3000
}
[?25h
 ⨯ Failed to start server
Error: listen EADDRINUSE: address already in use :::3000
    at <unknown> (Error: listen EADDRINUSE: address already in use :::3000)
    at new Promise (<anonymous>) {
  code: 'EADDRINUSE',
  errno: -48,
  syscall: 'listen',
  address: '::',
  port: 3000
}
[?25h
 ⨯ Failed to start server
Error: listen EADDRINUSE: address already in use :::3000
    at <unknown> (Error: listen EADDRINUSE: address already in use :::3000)
    at new Promise (<anonymous>) {
  code: 'EADDRINUSE',
  errno: -48,
  syscall: 'listen',
  address: '::',
  port: 3000
}
[?25h
 ⨯ Failed to start server
Error: listen EADDRINUSE: address already in use :::3000
    at <unknown> (Error: listen EADDRINUSE: address already in use :::3000)
    at new Promise (<anonymous>) {
  code: 'EADDRINUSE',
  errno: -48,
  syscall: 'listen',
  address: '::',
  port: 3000
}
[?25h
 ⨯ Failed to start server
Error: listen EADDRINUSE: address already in use :::3000
    at <unknown> (Error: listen EADDRINUSE: address already in use :::3000)
    at new Promise (<anonymous>) {
  code: 'EADDRINUSE',
  errno: -48,
  syscall: 'listen',
  address: '::',
  port: 3000
}
[?25h
 ⨯ Failed to start server
Error: listen EADDRINUSE: address already in use :::3000
    at <unknown> (Error: listen EADDRINUSE: address already in use :::3000)
    at new Promise (<anonymous>) {
  code: 'EADDRINUSE',
  errno: -48,
  syscall: 'listen',
  address: '::',
  port: 3000
}
[?25h
 ⨯ Failed to start server
Error: listen EADDRINUSE: address already in use :::3000
    at <unknown> (Error: listen EADDRINUSE: address already in use :::3000)
    at new Promise (<anonymous>) {
  code: 'EADDRINUSE',
  errno: -48,
  syscall: 'listen',
  address: '::',
  port: 3000
}
[?25h
 ⨯ Failed to start server
Error: listen EADDRINUSE: address already in use :::3000
    at <unknown> (Error: listen EADDRINUSE: address already in use :::3000)
    at new Promise (<anonymous>) {
  code: 'EADDRINUSE',
  errno: -48,
  syscall: 'listen',
  address: '::',
  port: 3000
}
[?25h
 ⨯ Failed to start server
Error: listen EADDRINUSE: address already in use :::3000
    at <unknown> (Error: listen EADDRINUSE: address already in use :::3000)
    at new Promise (<anonymous>) {
  code: 'EADDRINUSE',
  errno: -48,
  syscall: 'listen',
  address: '::',
  port: 3000
}
[?25h
 ⨯ Failed to start server
Error: listen EADDRINUSE: address already in use :::3000
    at <unknown> (Error: listen EADDRINUSE: address already in use :::3000)
    at new Promise (<anonymous>) {
  code: 'EADDRINUSE',
  errno: -48,
  syscall: 'listen',
  address: '::',
  port: 3000
}
[?25h
 ⨯ Failed to start server
Error: listen EADDRINUSE: address already in use :::3000
    at <unknown> (Error: listen EADDRINUSE: address already in use :::3000)
    at new Promise (<anonymous>) {
  code: 'EADDRINUSE',
  errno: -48,
  syscall: 'listen',
  address: '::',
  port: 3000
}
[?25h
 ⨯ Failed to start server
Error: listen EADDRINUSE: address already in use :::3000
    at <unknown> (Error: listen EADDRINUSE: address already in use :::3000)
    at new Promise (<anonymous>) {
  code: 'EADDRINUSE',
  errno: -48,
  syscall: 'listen',
  address: '::',
  port: 3000
}
[?25h
 ⨯ Failed to start server
Error: listen EADDRINUSE: address already in use :::3000
    at <unknown> (Error: listen EADDRINUSE: address already in use :::3000)
    at new Promise (<anonymous>) {
  code: 'EADDRINUSE',
  errno: -48,
  syscall: 'listen',
  address: '::',
  port: 3000
}
[?25h
 ⨯ Failed to start server
Error: listen EADDRINUSE: address already in use :::3000
    at <unknown> (Error: listen EADDRINUSE: address already in use :::3000)
    at new Promise (<anonymous>) {
  code: 'EADDRINUSE',
  errno: -48,
  syscall: 'listen',
  address: '::',
  port: 3000
}
[?25h
 ⨯ Failed to start server
Error: listen EADDRINUSE: address already in use :::3000
    at <unknown> (Error: listen EADDRINUSE: address already in use :::3000)
    at new Promise (<anonymous>) {
  code: 'EADDRINUSE',
  errno: -48,
  syscall: 'listen',
  address: '::',
  port: 3000
}
[?25h
 ⨯ Failed to start server
Error: listen EADDRINUSE: address already in use :::3000
    at <unknown> (Error: listen EADDRINUSE: address already in use :::3000)
    at new Promise (<anonymous>) {
  code: 'EADDRINUSE',
  errno: -48,
  syscall: 'listen',
  address: '::',
  port: 3000
}
[?25h
 ⨯ Failed to start server
Error: listen EADDRINUSE: address already in use :::3000
    at <unknown> (Error: listen EADDRINUSE: address already in use :::3000)
    at new Promise (<anonymous>) {
  code: 'EADDRINUSE',
  errno: -48,
  syscall: 'listen',
  address: '::',
  port: 3000
}
[?25h
 ⨯ Failed to start server
Error: listen EADDRINUSE: address already in use :::3000
    at <unknown> (Error: listen EADDRINUSE: address already in use :::3000)
    at new Promise (<anonymous>) {
  code: 'EADDRINUSE',
  errno: -48,
  syscall: 'listen',
  address: '::',
  port: 3000
}
[?25h
 ⨯ Failed to start server
Error: listen EADDRINUSE: address already in use :::3000
    at <unknown> (Error: listen EADDRINUSE: address already in use :::3000)
    at new Promise (<anonymous>) {
  code: 'EADDRINUSE',
  errno: -48,
  syscall: 'listen',
  address: '::',
  port: 3000
}
[?25h
 ⨯ Failed to start server
Error: listen EADDRINUSE: address already in use :::3000
    at <unknown> (Error: listen EADDRINUSE: address already in use :::3000)
    at new Promise (<anonymous>) {
  code: 'EADDRINUSE',
  errno: -48,
  syscall: 'listen',
  address: '::',
  port: 3000
}
[?25h
 ⨯ Failed to start server
Error: listen EADDRINUSE: address already in use :::3000
    at <unknown> (Error: listen EADDRINUSE: address already in use :::3000)
    at new Promise (<anonymous>) {
  code: 'EADDRINUSE',
  errno: -48,
  syscall: 'listen',
  address: '::',
  port: 3000
}
[?25h
 ⨯ Failed to start server
Error: listen EADDRINUSE: address already in use :::3000
    at <unknown> (Error: listen EADDRINUSE: address already in use :::3000)
    at new Promise (<anonymous>) {
  code: 'EADDRINUSE',
  errno: -48,
  syscall: 'listen',
  address: '::',
  port: 3000
}
[?25h
 ⨯ Failed to start server
Error: listen EADDRINUSE: address already in use :::3000
    at <unknown> (Error: listen EADDRINUSE: address already in use :::3000)
    at new Promise (<anonymous>) {
  code: 'EADDRINUSE',
  errno: -48,
  syscall: 'listen',
  address: '::',
  port: 3000
}
[?25h
 ⨯ Failed to start server
Error: listen EADDRINUSE: address already in use :::3000
    at <unknown> (Error: listen EADDRINUSE: address already in use :::3000)
    at new Promise (<anonymous>) {
  code: 'EADDRINUSE',
  errno: -48,
  syscall: 'listen',
  address: '::',
  port: 3000
}
[?25h
 ⨯ Failed to start server
Error: listen EADDRINUSE: address already in use :::3000
    at <unknown> (Error: listen EADDRINUSE: address already in use :::3000)
    at new Promise (<anonymous>) {
  code: 'EADDRINUSE',
  errno: -48,
  syscall: 'listen',
  address: '::',
  port: 3000
}
[?25h
 ⨯ Failed to start server
Error: listen EADDRINUSE: address already in use :::3000
    at <unknown> (Error: listen EADDRINUSE: address already in use :::3000)
    at new Promise (<anonymous>) {
  code: 'EADDRINUSE',
  errno: -48,
  syscall: 'listen',
  address: '::',
  port: 3000
}
[?25h
 ⨯ Failed to start server
Error: listen EADDRINUSE: address already in use :::3000
    at <unknown> (Error: listen EADDRINUSE: address already in use :::3000)
    at new Promise (<anonymous>) {
  code: 'EADDRINUSE',
  errno: -48,
  syscall: 'listen',
  address: '::',
  port: 3000
}
[?25h
 ⨯ Failed to start server
Error: listen EADDRINUSE: address already in use :::3000
    at <unknown> (Error: listen EADDRINUSE: address already in use :::3000)
    at new Promise (<anonymous>) {
  code: 'EADDRINUSE',
  errno: -48,
  syscall: 'listen',
  address: '::',
  port: 3000
}
[?25h
 ⨯ Failed to start server
Error: listen EADDRINUSE: address already in use :::3000
    at <unknown> (Error: listen EADDRINUSE: address already in use :::3000)
    at new Promise (<anonymous>) {
  code: 'EADDRINUSE',
  errno: -48,
  syscall: 'listen',
  address: '::',
  port: 3000
}
[?25h
 ⨯ Failed to start server
Error: listen EADDRINUSE: address already in use :::3000
    at <unknown> (Error: listen EADDRINUSE: address already in use :::3000)
    at new Promise (<anonymous>) {
  code: 'EADDRINUSE',
  errno: -48,
  syscall: 'listen',
  address: '::',
  port: 3000
}
[?25h
 ⨯ Failed to start server
Error: listen EADDRINUSE: address already in use :::3000
    at <unknown> (Error: listen EADDRINUSE: address already in use :::3000)
    at new Promise (<anonymous>) {
  code: 'EADDRINUSE',
  errno: -48,
  syscall: 'listen',
  address: '::',
  port: 3000
}
[?25h
 ⨯ Failed to start server
Error: listen EADDRINUSE: address already in use :::3000
    at <unknown> (Error: listen EADDRINUSE: address already in use :::3000)
    at new Promise (<anonymous>) {
  code: 'EADDRINUSE',
  errno: -48,
  syscall: 'listen',
  address: '::',
  port: 3000
}
[?25h
 ⨯ Failed to start server
Error: listen EADDRINUSE: address already in use :::3000
    at <unknown> (Error: listen EADDRINUSE: address already in use :::3000)
    at new Promise (<anonymous>) {
  code: 'EADDRINUSE',
  errno: -48,
  syscall: 'listen',
  address: '::',
  port: 3000
}
[?25h
 ⨯ Failed to start server
Error: listen EADDRINUSE: address already in use :::3000
    at <unknown> (Error: listen EADDRINUSE: address already in use :::3000)
    at new Promise (<anonymous>) {
  code: 'EADDRINUSE',
  errno: -48,
  syscall: 'listen',
  address: '::',
  port: 3000
}
[?25h
 ⨯ Failed to start server
Error: listen EADDRINUSE: address already in use :::3000
    at <unknown> (Error: listen EADDRINUSE: address already in use :::3000)
    at new Promise (<anonymous>) {
  code: 'EADDRINUSE',
  errno: -48,
  syscall: 'listen',
  address: '::',
  port: 3000
}
[?25h
 ⨯ Failed to start server
Error: listen EADDRINUSE: address already in use :::3000
    at <unknown> (Error: listen EADDRINUSE: address already in use :::3000)
    at new Promise (<anonymous>) {
  code: 'EADDRINUSE',
  errno: -48,
  syscall: 'listen',
  address: '::',
  port: 3000
}
[?25h
 ⨯ Failed to start server
Error: listen EADDRINUSE: address already in use :::3000
    at <unknown> (Error: listen EADDRINUSE: address already in use :::3000)
    at new Promise (<anonymous>) {
  code: 'EADDRINUSE',
  errno: -48,
  syscall: 'listen',
  address: '::',
  port: 3000
}
[?25h
 ⨯ Failed to start server
Error: listen EADDRINUSE: address already in use :::3000
    at <unknown> (Error: listen EADDRINUSE: address already in use :::3000)
    at new Promise (<anonymous>) {
  code: 'EADDRINUSE',
  errno: -48,
  syscall: 'listen',
  address: '::',
  port: 3000
}
[?25h
 ⨯ Failed to start server
Error: listen EADDRINUSE: address already in use :::3000
    at <unknown> (Error: listen EADDRINUSE: address already in use :::3000)
    at new Promise (<anonymous>) {
  code: 'EADDRINUSE',
  errno: -48,
  syscall: 'listen',
  address: '::',
  port: 3000
}
[?25h
 ⨯ Failed to start server
Error: listen EADDRINUSE: address already in use :::3000
    at <unknown> (Error: listen EADDRINUSE: address already in use :::3000)
    at new Promise (<anonymous>) {
  code: 'EADDRINUSE',
  errno: -48,
  syscall: 'listen',
  address: '::',
  port: 3000
}
[?25h
 ⨯ Failed to start server
Error: listen EADDRINUSE: address already in use :::3000
    at <unknown> (Error: listen EADDRINUSE: address already in use :::3000)
    at new Promise (<anonymous>) {
  code: 'EADDRINUSE',
  errno: -48,
  syscall: 'listen',
  address: '::',
  port: 3000
}
[?25h
 ⨯ Failed to start server
Error: listen EADDRINUSE: address already in use :::3000
    at <unknown> (Error: listen EADDRINUSE: address already in use :::3000)
    at new Promise (<anonymous>) {
  code: 'EADDRINUSE',
  errno: -48,
  syscall: 'listen',
  address: '::',
  port: 3000
}
[?25h
 ⨯ Failed to start server
Error: listen EADDRINUSE: address already in use :::3000
    at <unknown> (Error: listen EADDRINUSE: address already in use :::3000)
    at new Promise (<anonymous>) {
  code: 'EADDRINUSE',
  errno: -48,
  syscall: 'listen',
  address: '::',
  port: 3000
}
[?25h
 ⨯ Failed to start server
Error: listen EADDRINUSE: address already in use :::3000
    at <unknown> (Error: listen EADDRINUSE: address already in use :::3000)
    at new Promise (<anonymous>) {
  code: 'EADDRINUSE',
  errno: -48,
  syscall: 'listen',
  address: '::',
  port: 3000
}
[?25h
 ⨯ Failed to start server
Error: listen EADDRINUSE: address already in use :::3000
    at <unknown> (Error: listen EADDRINUSE: address already in use :::3000)
    at new Promise (<anonymous>) {
  code: 'EADDRINUSE',
  errno: -48,
  syscall: 'listen',
  address: '::',
  port: 3000
}
[?25h
 ⨯ Failed to start server
Error: listen EADDRINUSE: address already in use :::3000
    at <unknown> (Error: listen EADDRINUSE: address already in use :::3000)
    at new Promise (<anonymous>) {
  code: 'EADDRINUSE',
  errno: -48,
  syscall: 'listen',
  address: '::',
  port: 3000
}
[?25h
 ⨯ Failed to start server
Error: listen EADDRINUSE: address already in use :::3000
    at <unknown> (Error: listen EADDRINUSE: address already in use :::3000)
    at new Promise (<anonymous>) {
  code: 'EADDRINUSE',
  errno: -48,
  syscall: 'listen',
  address: '::',
  port: 3000
}
[?25h
 ⨯ Failed to start server
Error: listen EADDRINUSE: address already in use :::3000
    at <unknown> (Error: listen EADDRINUSE: address already in use :::3000)
    at new Promise (<anonymous>) {
  code: 'EADDRINUSE',
  errno: -48,
  syscall: 'listen',
  address: '::',
  port: 3000
}
[?25h
 ⨯ Failed to start server
Error: listen EADDRINUSE: address already in use :::3000
    at <unknown> (Error: listen EADDRINUSE: address already in use :::3000)
    at new Promise (<anonymous>) {
  code: 'EADDRINUSE',
  errno: -48,
  syscall: 'listen',
  address: '::',
  port: 3000
}
[?25h
 ⨯ Failed to start server
Error: listen EADDRINUSE: address already in use :::3000
    at <unknown> (Error: listen EADDRINUSE: address already in use :::3000)
    at new Promise (<anonymous>) {
  code: 'EADDRINUSE',
  errno: -48,
  syscall: 'listen',
  address: '::',
  port: 3000
}
[?25h
 ⨯ Failed to start server
Error: listen EADDRINUSE: address already in use :::3000
    at <unknown> (Error: listen EADDRINUSE: address already in use :::3000)
    at new Promise (<anonymous>) {
  code: 'EADDRINUSE',
  errno: -48,
  syscall: 'listen',
  address: '::',
  port: 3000
}
[?25h
 ⨯ Failed to start server
Error: listen EADDRINUSE: address already in use :::3000
    at <unknown> (Error: listen EADDRINUSE: address already in use :::3000)
    at new Promise (<anonymous>) {
  code: 'EADDRINUSE',
  errno: -48,
  syscall: 'listen',
  address: '::',
  port: 3000
}
[?25h
 ⨯ Failed to start server
Error: listen EADDRINUSE: address already in use :::3000
    at <unknown> (Error: listen EADDRINUSE: address already in use :::3000)
    at new Promise (<anonymous>) {
  code: 'EADDRINUSE',
  errno: -48,
  syscall: 'listen',
  address: '::',
  port: 3000
}
[?25h
 ⨯ Failed to start server
Error: listen EADDRINUSE: address already in use :::3000
    at <unknown> (Error: listen EADDRINUSE: address already in use :::3000)
    at new Promise (<anonymous>) {
  code: 'EADDRINUSE',
  errno: -48,
  syscall: 'listen',
  address: '::',
  port: 3000
}
[?25h
 ⨯ Failed to start server
Error: listen EADDRINUSE: address already in use :::3000
    at <unknown> (Error: listen EADDRINUSE: address already in use :::3000)
    at new Promise (<anonymous>) {
  code: 'EADDRINUSE',
  errno: -48,
  syscall: 'listen',
  address: '::',
  port: 3000
}
[?25h
 ⨯ Failed to start server
Error: listen EADDRINUSE: address already in use :::3000
    at <unknown> (Error: listen EADDRINUSE: address already in use :::3000)
    at new Promise (<anonymous>) {
  code: 'EADDRINUSE',
  errno: -48,
  syscall: 'listen',
  address: '::',
  port: 3000
}
[?25h
 ⨯ Failed to start server
Error: listen EADDRINUSE: address already in use :::3000
    at <unknown> (Error: listen EADDRINUSE: address already in use :::3000)
    at new Promise (<anonymous>) {
  code: 'EADDRINUSE',
  errno: -48,
  syscall: 'listen',
  address: '::',
  port: 3000
}
[?25h
 ⨯ Failed to start server
Error: listen EADDRINUSE: address already in use :::3000
    at <unknown> (Error: listen EADDRINUSE: address already in use :::3000)
    at new Promise (<anonymous>) {
  code: 'EADDRINUSE',
  errno: -48,
  syscall: 'listen',
  address: '::',
  port: 3000
}
[?25h
 ⨯ Failed to start server
Error: listen EADDRINUSE: address already in use :::3000
    at <unknown> (Error: listen EADDRINUSE: address already in use :::3000)
    at new Promise (<anonymous>) {
  code: 'EADDRINUSE',
  errno: -48,
  syscall: 'listen',
  address: '::',
  port: 3000
}
[?25h
 ⨯ Failed to start server
Error: listen EADDRINUSE: address already in use :::3000
    at <unknown> (Error: listen EADDRINUSE: address already in use :::3000)
    at new Promise (<anonymous>) {
  code: 'EADDRINUSE',
  errno: -48,
  syscall: 'listen',
  address: '::',
  port: 3000
}
[?25h
 ⨯ Failed to start server
Error: listen EADDRINUSE: address already in use :::3000
    at <unknown> (Error: listen EADDRINUSE: address already in use :::3000)
    at new Promise (<anonymous>) {
  code: 'EADDRINUSE',
  errno: -48,
  syscall: 'listen',
  address: '::',
  port: 3000
}
[?25h
 ⨯ Failed to start server
Error: listen EADDRINUSE: address already in use :::3000
    at <unknown> (Error: listen EADDRINUSE: address already in use :::3000)
    at new Promise (<anonymous>) {
  code: 'EADDRINUSE',
  errno: -48,
  syscall: 'listen',
  address: '::',
  port: 3000
}
[?25h
 ⨯ Failed to start server
Error: listen EADDRINUSE: address already in use :::3000
    at <unknown> (Error: listen EADDRINUSE: address already in use :::3000)
    at new Promise (<anonymous>) {
  code: 'EADDRINUSE',
  errno: -48,
  syscall: 'listen',
  address: '::',
  port: 3000
}
[?25h
 ⨯ Failed to start server
Error: listen EADDRINUSE: address already in use :::3000
    at <unknown> (Error: listen EADDRINUSE: address already in use :::3000)
    at new Promise (<anonymous>) {
  code: 'EADDRINUSE',
  errno: -48,
  syscall: 'listen',
  address: '::',
  port: 3000
}
[?25h
 ⨯ Failed to start server
Error: listen EADDRINUSE: address already in use :::3000
    at <unknown> (Error: listen EADDRINUSE: address already in use :::3000)
    at new Promise (<anonymous>) {
  code: 'EADDRINUSE',
  errno: -48,
  syscall: 'listen',
  address: '::',
  port: 3000
}
[?25h
 ⨯ Failed to start server
Error: listen EADDRINUSE: address already in use :::3000
    at <unknown> (Error: listen EADDRINUSE: address already in use :::3000)
    at new Promise (<anonymous>) {
  code: 'EADDRINUSE',
  errno: -48,
  syscall: 'listen',
  address: '::',
  port: 3000
}
[?25h
 ⨯ Failed to start server
Error: listen EADDRINUSE: address already in use :::3000
    at <unknown> (Error: listen EADDRINUSE: address already in use :::3000)
    at new Promise (<anonymous>) {
  code: 'EADDRINUSE',
  errno: -48,
  syscall: 'listen',
  address: '::',
  port: 3000
}
[?25h
 ⨯ Failed to start server
Error: listen EADDRINUSE: address already in use :::3000
    at <unknown> (Error: listen EADDRINUSE: address already in use :::3000)
    at new Promise (<anonymous>) {
  code: 'EADDRINUSE',
  errno: -48,
  syscall: 'listen',
  address: '::',
  port: 3000
}
[?25h
 ⨯ Failed to start server
Error: listen EADDRINUSE: address already in use :::3000
    at <unknown> (Error: listen EADDRINUSE: address already in use :::3000)
    at new Promise (<anonymous>) {
  code: 'EADDRINUSE',
  errno: -48,
  syscall: 'listen',
  address: '::',
  port: 3000
}
[?25h
 ⨯ Failed to start server
Error: listen EADDRINUSE: address already in use :::3000
    at <unknown> (Error: listen EADDRINUSE: address already in use :::3000)
    at new Promise (<anonymous>) {
  code: 'EADDRINUSE',
  errno: -48,
  syscall: 'listen',
  address: '::',
  port: 3000
}
[?25h
 ⨯ Failed to start server
Error: listen EADDRINUSE: address already in use :::3000
    at <unknown> (Error: listen EADDRINUSE: address already in use :::3000)
    at new Promise (<anonymous>) {
  code: 'EADDRINUSE',
  errno: -48,
  syscall: 'listen',
  address: '::',
  port: 3000
}
[?25h
 ⨯ Failed to start server
Error: listen EADDRINUSE: address already in use :::3000
    at <unknown> (Error: listen EADDRINUSE: address already in use :::3000)
    at new Promise (<anonymous>) {
  code: 'EADDRINUSE',
  errno: -48,
  syscall: 'listen',
  address: '::',
  port: 3000
}
[?25h
 ⨯ Failed to start server
Error: listen EADDRINUSE: address already in use :::3000
    at <unknown> (Error: listen EADDRINUSE: address already in use :::3000)
    at new Promise (<anonymous>) {
  code: 'EADDRINUSE',
  errno: -48,
  syscall: 'listen',
  address: '::',
  port: 3000
}
[?25h
 ⨯ Failed to start server
Error: listen EADDRINUSE: address already in use :::3000
    at <unknown> (Error: listen EADDRINUSE: address already in use :::3000)
    at new Promise (<anonymous>) {
  code: 'EADDRINUSE',
  errno: -48,
  syscall: 'listen',
  address: '::',
  port: 3000
}
[?25h
 ⨯ Failed to start server
Error: listen EADDRINUSE: address already in use :::3000
    at <unknown> (Error: listen EADDRINUSE: address already in use :::3000)
    at new Promise (<anonymous>) {
  code: 'EADDRINUSE',
  errno: -48,
  syscall: 'listen',
  address: '::',
  port: 3000
}
[?25h
 ⨯ Failed to start server
Error: listen EADDRINUSE: address already in use :::3000
    at <unknown> (Error: listen EADDRINUSE: address already in use :::3000)
    at new Promise (<anonymous>) {
  code: 'EADDRINUSE',
  errno: -48,
  syscall: 'listen',
  address: '::',
  port: 3000
}
[?25h
 ⨯ Failed to start server
Error: listen EADDRINUSE: address already in use :::3000
    at <unknown> (Error: listen EADDRINUSE: address already in use :::3000)
    at new Promise (<anonymous>) {
  code: 'EADDRINUSE',
  errno: -48,
  syscall: 'listen',
  address: '::',
  port: 3000
}
[?25h
 ⨯ Failed to start server
Error: listen EADDRINUSE: address already in use :::3000
    at <unknown> (Error: listen EADDRINUSE: address already in use :::3000)
    at new Promise (<anonymous>) {
  code: 'EADDRINUSE',
  errno: -48,
  syscall: 'listen',
  address: '::',
  port: 3000
}
[?25h
 ⨯ Failed to start server
Error: listen EADDRINUSE: address already in use :::3000
    at <unknown> (Error: listen EADDRINUSE: address already in use :::3000)
    at new Promise (<anonymous>) {
  code: 'EADDRINUSE',
  errno: -48,
  syscall: 'listen',
  address: '::',
  port: 3000
}
[?25h
 ⨯ Failed to start server
Error: listen EADDRINUSE: address already in use :::3000
    at <unknown> (Error: listen EADDRINUSE: address already in use :::3000)
    at new Promise (<anonymous>) {
  code: 'EADDRINUSE',
  errno: -48,
  syscall: 'listen',
  address: '::',
  port: 3000
}
[?25h
 ⨯ Failed to start server
Error: listen EADDRINUSE: address already in use :::3000
    at <unknown> (Error: listen EADDRINUSE: address already in use :::3000)
    at new Promise (<anonymous>) {
  code: 'EADDRINUSE',
  errno: -48,
  syscall: 'listen',
  address: '::',
  port: 3000
}
[?25h
 ⨯ Failed to start server
Error: listen EADDRINUSE: address already in use :::3000
    at <unknown> (Error: listen EADDRINUSE: address already in use :::3000)
    at new Promise (<anonymous>) {
  code: 'EADDRINUSE',
  errno: -48,
  syscall: 'listen',
  address: '::',
  port: 3000
}
[?25h
 ⨯ Failed to start server
Error: listen EADDRINUSE: address already in use :::3000
    at <unknown> (Error: listen EADDRINUSE: address already in use :::3000)
    at new Promise (<anonymous>) {
  code: 'EADDRINUSE',
  errno: -48,
  syscall: 'listen',
  address: '::',
  port: 3000
}
[?25h
 ⨯ Failed to start server
Error: listen EADDRINUSE: address already in use :::3000
    at <unknown> (Error: listen EADDRINUSE: address already in use :::3000)
    at new Promise (<anonymous>) {
  code: 'EADDRINUSE',
  errno: -48,
  syscall: 'listen',
  address: '::',
  port: 3000
}
[?25h
 ⨯ Failed to start server
Error: listen EADDRINUSE: address already in use :::3000
    at <unknown> (Error: listen EADDRINUSE: address already in use :::3000)
    at new Promise (<anonymous>) {
  code: 'EADDRINUSE',
  errno: -48,
  syscall: 'listen',
  address: '::',
  port: 3000
}
[?25h
 ⨯ Failed to start server
Error: listen EADDRINUSE: address already in use :::3000
    at <unknown> (Error: listen EADDRINUSE: address already in use :::3000)
    at new Promise (<anonymous>) {
  code: 'EADDRINUSE',
  errno: -48,
  syscall: 'listen',
  address: '::',
  port: 3000
}
[?25h
 ⨯ Failed to start server
Error: listen EADDRINUSE: address already in use :::3000
    at <unknown> (Error: listen EADDRINUSE: address already in use :::3000)
    at new Promise (<anonymous>) {
  code: 'EADDRINUSE',
  errno: -48,
  syscall: 'listen',
  address: '::',
  port: 3000
}
[?25h
 ⨯ Failed to start server
Error: listen EADDRINUSE: address already in use :::3000
    at <unknown> (Error: listen EADDRINUSE: address already in use :::3000)
    at new Promise (<anonymous>) {
  code: 'EADDRINUSE',
  errno: -48,
  syscall: 'listen',
  address: '::',
  port: 3000
}
[?25h
 ⨯ Failed to start server
Error: listen EADDRINUSE: address already in use :::3000
    at <unknown> (Error: listen EADDRINUSE: address already in use :::3000)
    at new Promise (<anonymous>) {
  code: 'EADDRINUSE',
  errno: -48,
  syscall: 'listen',
  address: '::',
  port: 3000
}
[?25h
 ⨯ Failed to start server
Error: listen EADDRINUSE: address already in use :::3000
    at <unknown> (Error: listen EADDRINUSE: address already in use :::3000)
    at new Promise (<anonymous>) {
  code: 'EADDRINUSE',
  errno: -48,
  syscall: 'listen',
  address: '::',
  port: 3000
}
[?25h
 ⨯ Failed to start server
Error: listen EADDRINUSE: address already in use :::3000
    at <unknown> (Error: listen EADDRINUSE: address already in use :::3000)
    at new Promise (<anonymous>) {
  code: 'EADDRINUSE',
  errno: -48,
  syscall: 'listen',
  address: '::',
  port: 3000
}
[?25h
 ⨯ Failed to start server
Error: listen EADDRINUSE: address already in use :::3000
    at <unknown> (Error: listen EADDRINUSE: address already in use :::3000)
    at new Promise (<anonymous>) {
  code: 'EADDRINUSE',
  errno: -48,
  syscall: 'listen',
  address: '::',
  port: 3000
}
[?25h
 ⨯ Failed to start server
Error: listen EADDRINUSE: address already in use :::3000
    at <unknown> (Error: listen EADDRINUSE: address already in use :::3000)
    at new Promise (<anonymous>) {
  code: 'EADDRINUSE',
  errno: -48,
  syscall: 'listen',
  address: '::',
  port: 3000
}
[?25h
 ⨯ Failed to start server
Error: listen EADDRINUSE: address already in use :::3000
    at <unknown> (Error: listen EADDRINUSE: address already in use :::3000)
    at new Promise (<anonymous>) {
  code: 'EADDRINUSE',
  errno: -48,
  syscall: 'listen',
  address: '::',
  port: 3000
}
[?25h
 ⨯ Failed to start server
Error: listen EADDRINUSE: address already in use :::3000
    at <unknown> (Error: listen EADDRINUSE: address already in use :::3000)
    at new Promise (<anonymous>) {
  code: 'EADDRINUSE',
  errno: -48,
  syscall: 'listen',
  address: '::',
  port: 3000
}
[?25h
 ⨯ Failed to start server
Error: listen EADDRINUSE: address already in use :::3000
    at <unknown> (Error: listen EADDRINUSE: address already in use :::3000)
    at new Promise (<anonymous>) {
  code: 'EADDRINUSE',
  errno: -48,
  syscall: 'listen',
  address: '::',
  port: 3000
}
[?25h
 ⨯ Failed to start server
Error: listen EADDRINUSE: address already in use :::3000
    at <unknown> (Error: listen EADDRINUSE: address already in use :::3000)
    at new Promise (<anonymous>) {
  code: 'EADDRINUSE',
  errno: -48,
  syscall: 'listen',
  address: '::',
  port: 3000
}
[?25h
 ⨯ Failed to start server
Error: listen EADDRINUSE: address already in use :::3000
    at <unknown> (Error: listen EADDRINUSE: address already in use :::3000)
    at new Promise (<anonymous>) {
  code: 'EADDRINUSE',
  errno: -48,
  syscall: 'listen',
  address: '::',
  port: 3000
}
[?25h
 ⨯ Failed to start server
Error: listen EADDRINUSE: address already in use :::3000
    at <unknown> (Error: listen EADDRINUSE: address already in use :::3000)
    at new Promise (<anonymous>) {
  code: 'EADDRINUSE',
  errno: -48,
  syscall: 'listen',
  address: '::',
  port: 3000
}
[?25h
 ⨯ Failed to start server
Error: listen EADDRINUSE: address already in use :::3000
    at <unknown> (Error: listen EADDRINUSE: address already in use :::3000)
    at new Promise (<anonymous>) {
  code: 'EADDRINUSE',
  errno: -48,
  syscall: 'listen',
  address: '::',
  port: 3000
}
[?25h
 ⨯ Failed to start server
Error: listen EADDRINUSE: address already in use :::3000
    at <unknown> (Error: listen EADDRINUSE: address already in use :::3000)
    at new Promise (<anonymous>) {
  code: 'EADDRINUSE',
  errno: -48,
  syscall: 'listen',
  address: '::',
  port: 3000
}
[?25h
 ⨯ Failed to start server
Error: listen EADDRINUSE: address already in use :::3000
    at <unknown> (Error: listen EADDRINUSE: address already in use :::3000)
    at new Promise (<anonymous>) {
  code: 'EADDRINUSE',
  errno: -48,
  syscall: 'listen',
  address: '::',
  port: 3000
}
[?25h
 ⨯ Failed to start server
Error: listen EADDRINUSE: address already in use :::3000
    at <unknown> (Error: listen EADDRINUSE: address already in use :::3000)
    at new Promise (<anonymous>) {
  code: 'EADDRINUSE',
  errno: -48,
  syscall: 'listen',
  address: '::',
  port: 3000
}
[?25h
 ⨯ Failed to start server
Error: listen EADDRINUSE: address already in use :::3000
    at <unknown> (Error: listen EADDRINUSE: address already in use :::3000)
    at new Promise (<anonymous>) {
  code: 'EADDRINUSE',
  errno: -48,
  syscall: 'listen',
  address: '::',
  port: 3000
}
[?25h
 ⨯ Failed to start server
Error: listen EADDRINUSE: address already in use :::3000
    at <unknown> (Error: listen EADDRINUSE: address already in use :::3000)
    at new Promise (<anonymous>) {
  code: 'EADDRINUSE',
  errno: -48,
  syscall: 'listen',
  address: '::',
  port: 3000
}
[?25h
 ⨯ Failed to start server
Error: listen EADDRINUSE: address already in use :::3000
    at <unknown> (Error: listen EADDRINUSE: address already in use :::3000)
    at new Promise (<anonymous>) {
  code: 'EADDRINUSE',
  errno: -48,
  syscall: 'listen',
  address: '::',
  port: 3000
}
[?25h
 ⨯ Failed to start server
Error: listen EADDRINUSE: address already in use :::3000
    at <unknown> (Error: listen EADDRINUSE: address already in use :::3000)
    at new Promise (<anonymous>) {
  code: 'EADDRINUSE',
  errno: -48,
  syscall: 'listen',
  address: '::',
  port: 3000
}
[?25h
 ⨯ Failed to start server
Error: listen EADDRINUSE: address already in use :::3000
    at <unknown> (Error: listen EADDRINUSE: address already in use :::3000)
    at new Promise (<anonymous>) {
  code: 'EADDRINUSE',
  errno: -48,
  syscall: 'listen',
  address: '::',
  port: 3000
}
[?25h
 ⨯ Failed to start server
Error: listen EADDRINUSE: address already in use :::3000
    at <unknown> (Error: listen EADDRINUSE: address already in use :::3000)
    at new Promise (<anonymous>) {
  code: 'EADDRINUSE',
  errno: -48,
  syscall: 'listen',
  address: '::',
  port: 3000
}
[?25h
 ⨯ Failed to start server
Error: listen EADDRINUSE: address already in use :::3000
    at <unknown> (Error: listen EADDRINUSE: address already in use :::3000)
    at new Promise (<anonymous>) {
  code: 'EADDRINUSE',
  errno: -48,
  syscall: 'listen',
  address: '::',
  port: 3000
}
[?25h
 ⨯ Failed to start server
Error: listen EADDRINUSE: address already in use :::3000
    at <unknown> (Error: listen EADDRINUSE: address already in use :::3000)
    at new Promise (<anonymous>) {
  code: 'EADDRINUSE',
  errno: -48,
  syscall: 'listen',
  address: '::',
  port: 3000
}
[?25h
 ⨯ Failed to start server
Error: listen EADDRINUSE: address already in use :::3000
    at <unknown> (Error: listen EADDRINUSE: address already in use :::3000)
    at new Promise (<anonymous>) {
  code: 'EADDRINUSE',
  errno: -48,
  syscall: 'listen',
  address: '::',
  port: 3000
}
[?25h
 ⨯ Failed to start server
Error: listen EADDRINUSE: address already in use :::3000
    at <unknown> (Error: listen EADDRINUSE: address already in use :::3000)
    at new Promise (<anonymous>) {
  code: 'EADDRINUSE',
  errno: -48,
  syscall: 'listen',
  address: '::',
  port: 3000
}
[?25h
 ⨯ Failed to start server
Error: listen EADDRINUSE: address already in use :::3000
    at <unknown> (Error: listen EADDRINUSE: address already in use :::3000)
    at new Promise (<anonymous>) {
  code: 'EADDRINUSE',
  errno: -48,
  syscall: 'listen',
  address: '::',
  port: 3000
}
[?25h
 ⨯ Failed to start server
Error: listen EADDRINUSE: address already in use :::3000
    at <unknown> (Error: listen EADDRINUSE: address already in use :::3000)
    at new Promise (<anonymous>) {
  code: 'EADDRINUSE',
  errno: -48,
  syscall: 'listen',
  address: '::',
  port: 3000
}
[?25h
 ⨯ Failed to start server
Error: listen EADDRINUSE: address already in use :::3000
    at <unknown> (Error: listen EADDRINUSE: address already in use :::3000)
    at new Promise (<anonymous>) {
  code: 'EADDRINUSE',
  errno: -48,
  syscall: 'listen',
  address: '::',
  port: 3000
}
[?25h
 ⨯ Failed to start server
Error: listen EADDRINUSE: address already in use :::3000
    at <unknown> (Error: listen EADDRINUSE: address already in use :::3000)
    at new Promise (<anonymous>) {
  code: 'EADDRINUSE',
  errno: -48,
  syscall: 'listen',
  address: '::',
  port: 3000
}
[?25h
 ⨯ Failed to start server
Error: listen EADDRINUSE: address already in use :::3000
    at <unknown> (Error: listen EADDRINUSE: address already in use :::3000)
    at new Promise (<anonymous>) {
  code: 'EADDRINUSE',
  errno: -48,
  syscall: 'listen',
  address: '::',
  port: 3000
}
[?25h
 ⨯ Failed to start server
Error: listen EADDRINUSE: address already in use :::3000
    at <unknown> (Error: listen EADDRINUSE: address already in use :::3000)
    at new Promise (<anonymous>) {
  code: 'EADDRINUSE',
  errno: -48,
  syscall: 'listen',
  address: '::',
  port: 3000
}
[?25h
 ⨯ Failed to start server
Error: listen EADDRINUSE: address already in use :::3000
    at <unknown> (Error: listen EADDRINUSE: address already in use :::3000)
    at new Promise (<anonymous>) {
  code: 'EADDRINUSE',
  errno: -48,
  syscall: 'listen',
  address: '::',
  port: 3000
}
[?25h
 ⨯ Failed to start server
Error: listen EADDRINUSE: address already in use :::3000
    at <unknown> (Error: listen EADDRINUSE: address already in use :::3000)
    at new Promise (<anonymous>) {
  code: 'EADDRINUSE',
  errno: -48,
  syscall: 'listen',
  address: '::',
  port: 3000
}
[?25h
 ⨯ Failed to start server
Error: listen EADDRINUSE: address already in use :::3000
    at <unknown> (Error: listen EADDRINUSE: address already in use :::3000)
    at new Promise (<anonymous>) {
  code: 'EADDRINUSE',
  errno: -48,
  syscall: 'listen',
  address: '::',
  port: 3000
}
[?25h
 ⨯ Failed to start server
Error: listen EADDRINUSE: address already in use :::3000
    at <unknown> (Error: listen EADDRINUSE: address already in use :::3000)
    at new Promise (<anonymous>) {
  code: 'EADDRINUSE',
  errno: -48,
  syscall: 'listen',
  address: '::',
  port: 3000
}
[?25h
 ⨯ Failed to start server
Error: listen EADDRINUSE: address already in use :::3000
    at <unknown> (Error: listen EADDRINUSE: address already in use :::3000)
    at new Promise (<anonymous>) {
  code: 'EADDRINUSE',
  errno: -48,
  syscall: 'listen',
  address: '::',
  port: 3000
}
[?25h
 ⨯ Failed to start server
Error: listen EADDRINUSE: address already in use :::3000
    at <unknown> (Error: listen EADDRINUSE: address already in use :::3000)
    at new Promise (<anonymous>) {
  code: 'EADDRINUSE',
  errno: -48,
  syscall: 'listen',
  address: '::',
  port: 3000
}
[?25h
 ⨯ Failed to start server
Error: listen EADDRINUSE: address already in use :::3000
    at <unknown> (Error: listen EADDRINUSE: address already in use :::3000)
    at new Promise (<anonymous>) {
  code: 'EADDRINUSE',
  errno: -48,
  syscall: 'listen',
  address: '::',
  port: 3000
}
[?25h
 ⨯ Failed to start server
Error: listen EADDRINUSE: address already in use :::3000
    at <unknown> (Error: listen EADDRINUSE: address already in use :::3000)
    at new Promise (<anonymous>) {
  code: 'EADDRINUSE',
  errno: -48,
  syscall: 'listen',
  address: '::',
  port: 3000
}
[?25h
 ⨯ Failed to start server
Error: listen EADDRINUSE: address already in use :::3000
    at <unknown> (Error: listen EADDRINUSE: address already in use :::3000)
    at new Promise (<anonymous>) {
  code: 'EADDRINUSE',
  errno: -48,
  syscall: 'listen',
  address: '::',
  port: 3000
}
[?25h
 ⨯ Failed to start server
Error: listen EADDRINUSE: address already in use :::3000
    at <unknown> (Error: listen EADDRINUSE: address already in use :::3000)
    at new Promise (<anonymous>) {
  code: 'EADDRINUSE',
  errno: -48,
  syscall: 'listen',
  address: '::',
  port: 3000
}
[?25h
 ⨯ Failed to start server
Error: listen EADDRINUSE: address already in use :::3000
    at <unknown> (Error: listen EADDRINUSE: address already in use :::3000)
    at new Promise (<anonymous>) {
  code: 'EADDRINUSE',
  errno: -48,
  syscall: 'listen',
  address: '::',
  port: 3000
}
[?25h
 ⨯ Failed to start server
Error: listen EADDRINUSE: address already in use :::3000
    at <unknown> (Error: listen EADDRINUSE: address already in use :::3000)
    at new Promise (<anonymous>) {
  code: 'EADDRINUSE',
  errno: -48,
  syscall: 'listen',
  address: '::',
  port: 3000
}
[?25h
 ⨯ Failed to start server
Error: listen EADDRINUSE: address already in use :::3000
    at <unknown> (Error: listen EADDRINUSE: address already in use :::3000)
    at new Promise (<anonymous>) {
  code: 'EADDRINUSE',
  errno: -48,
  syscall: 'listen',
  address: '::',
  port: 3000
}
[?25h
 ⨯ Failed to start server
Error: listen EADDRINUSE: address already in use :::3000
    at <unknown> (Error: listen EADDRINUSE: address already in use :::3000)
    at new Promise (<anonymous>) {
  code: 'EADDRINUSE',
  errno: -48,
  syscall: 'listen',
  address: '::',
  port: 3000
}
[?25h
 ⨯ Failed to start server
Error: listen EADDRINUSE: address already in use :::3000
    at <unknown> (Error: listen EADDRINUSE: address already in use :::3000)
    at new Promise (<anonymous>) {
  code: 'EADDRINUSE',
  errno: -48,
  syscall: 'listen',
  address: '::',
  port: 3000
}
[?25h
 ⨯ Failed to start server
Error: listen EADDRINUSE: address already in use :::3000
    at <unknown> (Error: listen EADDRINUSE: address already in use :::3000)
    at new Promise (<anonymous>) {
  code: 'EADDRINUSE',
  errno: -48,
  syscall: 'listen',
  address: '::',
  port: 3000
}
[?25h
 ⨯ Failed to start server
Error: listen EADDRINUSE: address already in use :::3000
    at <unknown> (Error: listen EADDRINUSE: address already in use :::3000)
    at new Promise (<anonymous>) {
  code: 'EADDRINUSE',
  errno: -48,
  syscall: 'listen',
  address: '::',
  port: 3000
}
[?25h
 ⨯ Failed to start server
Error: listen EADDRINUSE: address already in use :::3000
    at <unknown> (Error: listen EADDRINUSE: address already in use :::3000)
    at new Promise (<anonymous>) {
  code: 'EADDRINUSE',
  errno: -48,
  syscall: 'listen',
  address: '::',
  port: 3000
}
[?25h
 ⨯ Failed to start server
Error: listen EADDRINUSE: address already in use :::3000
    at <unknown> (Error: listen EADDRINUSE: address already in use :::3000)
    at new Promise (<anonymous>) {
  code: 'EADDRINUSE',
  errno: -48,
  syscall: 'listen',
  address: '::',
  port: 3000
}
[?25h
 ⨯ Failed to start server
Error: listen EADDRINUSE: address already in use :::3000
    at <unknown> (Error: listen EADDRINUSE: address already in use :::3000)
    at new Promise (<anonymous>) {
  code: 'EADDRINUSE',
  errno: -48,
  syscall: 'listen',
  address: '::',
  port: 3000
}
[?25h
 ⨯ Failed to start server
Error: listen EADDRINUSE: address already in use :::3000
    at <unknown> (Error: listen EADDRINUSE: address already in use :::3000)
    at new Promise (<anonymous>) {
  code: 'EADDRINUSE',
  errno: -48,
  syscall: 'listen',
  address: '::',
  port: 3000
}
[?25h
 ⨯ Failed to start server
Error: listen EADDRINUSE: address already in use :::3000
    at <unknown> (Error: listen EADDRINUSE: address already in use :::3000)
    at new Promise (<anonymous>) {
  code: 'EADDRINUSE',
  errno: -48,
  syscall: 'listen',
  address: '::',
  port: 3000
}
[?25h
 ⨯ Failed to start server
Error: listen EADDRINUSE: address already in use :::3000
    at <unknown> (Error: listen EADDRINUSE: address already in use :::3000)
    at new Promise (<anonymous>) {
  code: 'EADDRINUSE',
  errno: -48,
  syscall: 'listen',
  address: '::',
  port: 3000
}
[?25h
 ⨯ Failed to start server
Error: listen EADDRINUSE: address already in use :::3000
    at <unknown> (Error: listen EADDRINUSE: address already in use :::3000)
    at new Promise (<anonymous>) {
  code: 'EADDRINUSE',
  errno: -48,
  syscall: 'listen',
  address: '::',
  port: 3000
}
[?25h
 ⨯ Failed to start server
Error: listen EADDRINUSE: address already in use :::3000
    at <unknown> (Error: listen EADDRINUSE: address already in use :::3000)
    at new Promise (<anonymous>) {
  code: 'EADDRINUSE',
  errno: -48,
  syscall: 'listen',
  address: '::',
  port: 3000
}
[?25h
 ⨯ Failed to start server
Error: listen EADDRINUSE: address already in use :::3000
    at <unknown> (Error: listen EADDRINUSE: address already in use :::3000)
    at new Promise (<anonymous>) {
  code: 'EADDRINUSE',
  errno: -48,
  syscall: 'listen',
  address: '::',
  port: 3000
}
[?25h
 ⨯ Failed to start server
Error: listen EADDRINUSE: address already in use :::3000
    at <unknown> (Error: listen EADDRINUSE: address already in use :::3000)
    at new Promise (<anonymous>) {
  code: 'EADDRINUSE',
  errno: -48,
  syscall: 'listen',
  address: '::',
  port: 3000
}
[?25h
 ⨯ Failed to start server
Error: listen EADDRINUSE: address already in use :::3000
    at <unknown> (Error: listen EADDRINUSE: address already in use :::3000)
    at new Promise (<anonymous>) {
  code: 'EADDRINUSE',
  errno: -48,
  syscall: 'listen',
  address: '::',
  port: 3000
}
[?25h
 ⨯ Failed to start server
Error: listen EADDRINUSE: address already in use :::3000
    at <unknown> (Error: listen EADDRINUSE: address already in use :::3000)
    at new Promise (<anonymous>) {
  code: 'EADDRINUSE',
  errno: -48,
  syscall: 'listen',
  address: '::',
  port: 3000
}
[?25h
 ⨯ Failed to start server
Error: listen EADDRINUSE: address already in use :::3000
    at <unknown> (Error: listen EADDRINUSE: address already in use :::3000)
    at new Promise (<anonymous>) {
  code: 'EADDRINUSE',
  errno: -48,
  syscall: 'listen',
  address: '::',
  port: 3000
}
[?25h
 ⨯ Failed to start server
Error: listen EADDRINUSE: address already in use :::3000
    at <unknown> (Error: listen EADDRINUSE: address already in use :::3000)
    at new Promise (<anonymous>) {
  code: 'EADDRINUSE',
  errno: -48,
  syscall: 'listen',
  address: '::',
  port: 3000
}
[?25h
 ⨯ Failed to start server
Error: listen EADDRINUSE: address already in use :::3000
    at <unknown> (Error: listen EADDRINUSE: address already in use :::3000)
    at new Promise (<anonymous>) {
  code: 'EADDRINUSE',
  errno: -48,
  syscall: 'listen',
  address: '::',
  port: 3000
}
[?25h
 ⨯ Failed to start server
Error: listen EADDRINUSE: address already in use :::3000
    at <unknown> (Error: listen EADDRINUSE: address already in use :::3000)
    at new Promise (<anonymous>) {
  code: 'EADDRINUSE',
  errno: -48,
  syscall: 'listen',
  address: '::',
  port: 3000
}
[?25h
 ⨯ Failed to start server
Error: listen EADDRINUSE: address already in use :::3000
    at <unknown> (Error: listen EADDRINUSE: address already in use :::3000)
    at new Promise (<anonymous>) {
  code: 'EADDRINUSE',
  errno: -48,
  syscall: 'listen',
  address: '::',
  port: 3000
}
[?25h
 ⨯ Failed to start server
Error: listen EADDRINUSE: address already in use :::3000
    at <unknown> (Error: listen EADDRINUSE: address already in use :::3000)
    at new Promise (<anonymous>) {
  code: 'EADDRINUSE',
  errno: -48,
  syscall: 'listen',
  address: '::',
  port: 3000
}
[?25h
 ⨯ Failed to start server
Error: listen EADDRINUSE: address already in use :::3000
    at <unknown> (Error: listen EADDRINUSE: address already in use :::3000)
    at new Promise (<anonymous>) {
  code: 'EADDRINUSE',
  errno: -48,
  syscall: 'listen',
  address: '::',
  port: 3000
}
[?25h
 ⨯ Failed to start server
Error: listen EADDRINUSE: address already in use :::3000
    at <unknown> (Error: listen EADDRINUSE: address already in use :::3000)
    at new Promise (<anonymous>) {
  code: 'EADDRINUSE',
  errno: -48,
  syscall: 'listen',
  address: '::',
  port: 3000
}
[?25h
 ⨯ Failed to start server
Error: listen EADDRINUSE: address already in use :::3000
    at <unknown> (Error: listen EADDRINUSE: address already in use :::3000)
    at new Promise (<anonymous>) {
  code: 'EADDRINUSE',
  errno: -48,
  syscall: 'listen',
  address: '::',
  port: 3000
}
[?25h
 ⨯ Failed to start server
Error: listen EADDRINUSE: address already in use :::3000
    at <unknown> (Error: listen EADDRINUSE: address already in use :::3000)
    at new Promise (<anonymous>) {
  code: 'EADDRINUSE',
  errno: -48,
  syscall: 'listen',
  address: '::',
  port: 3000
}
[?25h
 ⨯ Failed to start server
Error: listen EADDRINUSE: address already in use :::3000
    at <unknown> (Error: listen EADDRINUSE: address already in use :::3000)
    at new Promise (<anonymous>) {
  code: 'EADDRINUSE',
  errno: -48,
  syscall: 'listen',
  address: '::',
  port: 3000
}
[?25h
 ⨯ Failed to start server
Error: listen EADDRINUSE: address already in use :::3000
    at <unknown> (Error: listen EADDRINUSE: address already in use :::3000)
    at new Promise (<anonymous>) {
  code: 'EADDRINUSE',
  errno: -48,
  syscall: 'listen',
  address: '::',
  port: 3000
}
[?25h
 ⨯ Failed to start server
Error: listen EADDRINUSE: address already in use :::3000
    at <unknown> (Error: listen EADDRINUSE: address already in use :::3000)
    at new Promise (<anonymous>) {
  code: 'EADDRINUSE',
  errno: -48,
  syscall: 'listen',
  address: '::',
  port: 3000
}
[?25h
 ⨯ Failed to start server
Error: listen EADDRINUSE: address already in use :::3000
    at <unknown> (Error: listen EADDRINUSE: address already in use :::3000)
    at new Promise (<anonymous>) {
  code: 'EADDRINUSE',
  errno: -48,
  syscall: 'listen',
  address: '::',
  port: 3000
}
[?25h
 ⨯ Failed to start server
Error: listen EADDRINUSE: address already in use :::3000
    at <unknown> (Error: listen EADDRINUSE: address already in use :::3000)
    at new Promise (<anonymous>) {
  code: 'EADDRINUSE',
  errno: -48,
  syscall: 'listen',
  address: '::',
  port: 3000
}
[?25h
 ⨯ Failed to start server
Error: listen EADDRINUSE: address already in use :::3000
    at <unknown> (Error: listen EADDRINUSE: address already in use :::3000)
    at new Promise (<anonymous>) {
  code: 'EADDRINUSE',
  errno: -48,
  syscall: 'listen',
  address: '::',
  port: 3000
}
[?25h
 ⨯ Failed to start server
Error: listen EADDRINUSE: address already in use :::3000
    at <unknown> (Error: listen EADDRINUSE: address already in use :::3000)
    at new Promise (<anonymous>) {
  code: 'EADDRINUSE',
  errno: -48,
  syscall: 'listen',
  address: '::',
  port: 3000
}
[?25h
 ⨯ Failed to start server
Error: listen EADDRINUSE: address already in use :::3000
    at <unknown> (Error: listen EADDRINUSE: address already in use :::3000)
    at new Promise (<anonymous>) {
  code: 'EADDRINUSE',
  errno: -48,
  syscall: 'listen',
  address: '::',
  port: 3000
}
[?25h
 ⨯ Failed to start server
Error: listen EADDRINUSE: address already in use :::3000
    at <unknown> (Error: listen EADDRINUSE: address already in use :::3000)
    at new Promise (<anonymous>) {
  code: 'EADDRINUSE',
  errno: -48,
  syscall: 'listen',
  address: '::',
  port: 3000
}
[?25h
 ⨯ Failed to start server
Error: listen EADDRINUSE: address already in use :::3000
    at <unknown> (Error: listen EADDRINUSE: address already in use :::3000)
    at new Promise (<anonymous>) {
  code: 'EADDRINUSE',
  errno: -48,
  syscall: 'listen',
  address: '::',
  port: 3000
}
[?25h
 ⨯ Failed to start server
Error: listen EADDRINUSE: address already in use :::3000
    at <unknown> (Error: listen EADDRINUSE: address already in use :::3000)
    at new Promise (<anonymous>) {
  code: 'EADDRINUSE',
  errno: -48,
  syscall: 'listen',
  address: '::',
  port: 3000
}
[?25h
 ⨯ Failed to start server
Error: listen EADDRINUSE: address already in use :::3000
    at <unknown> (Error: listen EADDRINUSE: address already in use :::3000)
    at new Promise (<anonymous>) {
  code: 'EADDRINUSE',
  errno: -48,
  syscall: 'listen',
  address: '::',
  port: 3000
}
[?25h
 ⨯ Failed to start server
Error: listen EADDRINUSE: address already in use :::3000
    at <unknown> (Error: listen EADDRINUSE: address already in use :::3000)
    at new Promise (<anonymous>) {
  code: 'EADDRINUSE',
  errno: -48,
  syscall: 'listen',
  address: '::',
  port: 3000
}
[?25h
 ⨯ Failed to start server
Error: listen EADDRINUSE: address already in use :::3000
    at <unknown> (Error: listen EADDRINUSE: address already in use :::3000)
    at new Promise (<anonymous>) {
  code: 'EADDRINUSE',
  errno: -48,
  syscall: 'listen',
  address: '::',
  port: 3000
}
[?25h
 ⨯ Failed to start server
Error: listen EADDRINUSE: address already in use :::3000
    at <unknown> (Error: listen EADDRINUSE: address already in use :::3000)
    at new Promise (<anonymous>) {
  code: 'EADDRINUSE',
  errno: -48,
  syscall: 'listen',
  address: '::',
  port: 3000
}
[?25h
 ⨯ Failed to start server
Error: listen EADDRINUSE: address already in use :::3000
    at <unknown> (Error: listen EADDRINUSE: address already in use :::3000)
    at new Promise (<anonymous>) {
  code: 'EADDRINUSE',
  errno: -48,
  syscall: 'listen',
  address: '::',
  port: 3000
}
[?25h
 ⨯ Failed to start server
Error: listen EADDRINUSE: address already in use :::3000
    at <unknown> (Error: listen EADDRINUSE: address already in use :::3000)
    at new Promise (<anonymous>) {
  code: 'EADDRINUSE',
  errno: -48,
  syscall: 'listen',
  address: '::',
  port: 3000
}
[?25h
 ⨯ Failed to start server
Error: listen EADDRINUSE: address already in use :::3000
    at <unknown> (Error: listen EADDRINUSE: address already in use :::3000)
    at new Promise (<anonymous>) {
  code: 'EADDRINUSE',
  errno: -48,
  syscall: 'listen',
  address: '::',
  port: 3000
}
[?25h
 ⨯ Failed to start server
Error: listen EADDRINUSE: address already in use :::3000
    at <unknown> (Error: listen EADDRINUSE: address already in use :::3000)
    at new Promise (<anonymous>) {
  code: 'EADDRINUSE',
  errno: -48,
  syscall: 'listen',
  address: '::',
  port: 3000
}
[?25h
 ⨯ Failed to start server
Error: listen EADDRINUSE: address already in use :::3000
    at <unknown> (Error: listen EADDRINUSE: address already in use :::3000)
    at new Promise (<anonymous>) {
  code: 'EADDRINUSE',
  errno: -48,
  syscall: 'listen',
  address: '::',
  port: 3000
}
[?25h
 ⨯ Failed to start server
Error: listen EADDRINUSE: address already in use :::3000
    at <unknown> (Error: listen EADDRINUSE: address already in use :::3000)
    at new Promise (<anonymous>) {
  code: 'EADDRINUSE',
  errno: -48,
  syscall: 'listen',
  address: '::',
  port: 3000
}
[?25h
 ⨯ Failed to start server
Error: listen EADDRINUSE: address already in use :::3000
    at <unknown> (Error: listen EADDRINUSE: address already in use :::3000)
    at new Promise (<anonymous>) {
  code: 'EADDRINUSE',
  errno: -48,
  syscall: 'listen',
  address: '::',
  port: 3000
}
[?25h
 ⨯ Failed to start server
Error: listen EADDRINUSE: address already in use :::3000
    at <unknown> (Error: listen EADDRINUSE: address already in use :::3000)
    at new Promise (<anonymous>) {
  code: 'EADDRINUSE',
  errno: -48,
  syscall: 'listen',
  address: '::',
  port: 3000
}
[?25h
 ⨯ Failed to start server
Error: listen EADDRINUSE: address already in use :::3000
    at <unknown> (Error: listen EADDRINUSE: address already in use :::3000)
    at new Promise (<anonymous>) {
  code: 'EADDRINUSE',
  errno: -48,
  syscall: 'listen',
  address: '::',
  port: 3000
}
[?25h
 ⨯ Failed to start server
Error: listen EADDRINUSE: address already in use :::3000
    at <unknown> (Error: listen EADDRINUSE: address already in use :::3000)
    at new Promise (<anonymous>) {
  code: 'EADDRINUSE',
  errno: -48,
  syscall: 'listen',
  address: '::',
  port: 3000
}
[?25h
 ⨯ Failed to start server
Error: listen EADDRINUSE: address already in use :::3000
    at <unknown> (Error: listen EADDRINUSE: address already in use :::3000)
    at new Promise (<anonymous>) {
  code: 'EADDRINUSE',
  errno: -48,
  syscall: 'listen',
  address: '::',
  port: 3000
}
[?25h
 ⨯ Failed to start server
Error: listen EADDRINUSE: address already in use :::3000
    at <unknown> (Error: listen EADDRINUSE: address already in use :::3000)
    at new Promise (<anonymous>) {
  code: 'EADDRINUSE',
  errno: -48,
  syscall: 'listen',
  address: '::',
  port: 3000
}
[?25h
 ⨯ Failed to start server
Error: listen EADDRINUSE: address already in use :::3000
    at <unknown> (Error: listen EADDRINUSE: address already in use :::3000)
    at new Promise (<anonymous>) {
  code: 'EADDRINUSE',
  errno: -48,
  syscall: 'listen',
  address: '::',
  port: 3000
}
[?25h
 ⨯ Failed to start server
Error: listen EADDRINUSE: address already in use :::3000
    at <unknown> (Error: listen EADDRINUSE: address already in use :::3000)
    at new Promise (<anonymous>) {
  code: 'EADDRINUSE',
  errno: -48,
  syscall: 'listen',
  address: '::',
  port: 3000
}
[?25h
 ⨯ Failed to start server
Error: listen EADDRINUSE: address already in use :::3000
    at <unknown> (Error: listen EADDRINUSE: address already in use :::3000)
    at new Promise (<anonymous>) {
  code: 'EADDRINUSE',
  errno: -48,
  syscall: 'listen',
  address: '::',
  port: 3000
}
[?25h
 ⨯ Failed to start server
Error: listen EADDRINUSE: address already in use :::3000
    at <unknown> (Error: listen EADDRINUSE: address already in use :::3000)
    at new Promise (<anonymous>) {
  code: 'EADDRINUSE',
  errno: -48,
  syscall: 'listen',
  address: '::',
  port: 3000
}
[?25h
 ⨯ Failed to start server
Error: listen EADDRINUSE: address already in use :::3000
    at <unknown> (Error: listen EADDRINUSE: address already in use :::3000)
    at new Promise (<anonymous>) {
  code: 'EADDRINUSE',
  errno: -48,
  syscall: 'listen',
  address: '::',
  port: 3000
}
[?25h
 ⨯ Failed to start server
Error: listen EADDRINUSE: address already in use :::3000
    at <unknown> (Error: listen EADDRINUSE: address already in use :::3000)
    at new Promise (<anonymous>) {
  code: 'EADDRINUSE',
  errno: -48,
  syscall: 'listen',
  address: '::',
  port: 3000
}
[?25h
 ⨯ Failed to start server
Error: listen EADDRINUSE: address already in use :::3000
    at <unknown> (Error: listen EADDRINUSE: address already in use :::3000)
    at new Promise (<anonymous>) {
  code: 'EADDRINUSE',
  errno: -48,
  syscall: 'listen',
  address: '::',
  port: 3000
}
[?25h
 ⨯ Failed to start server
Error: listen EADDRINUSE: address already in use :::3000
    at <unknown> (Error: listen EADDRINUSE: address already in use :::3000)
    at new Promise (<anonymous>) {
  code: 'EADDRINUSE',
  errno: -48,
  syscall: 'listen',
  address: '::',
  port: 3000
}
[?25h
 ⨯ Failed to start server
Error: listen EADDRINUSE: address already in use :::3000
    at <unknown> (Error: listen EADDRINUSE: address already in use :::3000)
    at new Promise (<anonymous>) {
  code: 'EADDRINUSE',
  errno: -48,
  syscall: 'listen',
  address: '::',
  port: 3000
}
[?25h
 ⨯ Failed to start server
Error: listen EADDRINUSE: address already in use :::3000
    at <unknown> (Error: listen EADDRINUSE: address already in use :::3000)
    at new Promise (<anonymous>) {
  code: 'EADDRINUSE',
  errno: -48,
  syscall: 'listen',
  address: '::',
  port: 3000
}
[?25h
 ⨯ Failed to start server
Error: listen EADDRINUSE: address already in use :::3000
    at <unknown> (Error: listen EADDRINUSE: address already in use :::3000)
    at new Promise (<anonymous>) {
  code: 'EADDRINUSE',
  errno: -48,
  syscall: 'listen',
  address: '::',
  port: 3000
}
[?25h
 ⨯ Failed to start server
Error: listen EADDRINUSE: address already in use :::3000
    at <unknown> (Error: listen EADDRINUSE: address already in use :::3000)
    at new Promise (<anonymous>) {
  code: 'EADDRINUSE',
  errno: -48,
  syscall: 'listen',
  address: '::',
  port: 3000
}
[?25h
 ⨯ Failed to start server
Error: listen EADDRINUSE: address already in use :::3000
    at <unknown> (Error: listen EADDRINUSE: address already in use :::3000)
    at new Promise (<anonymous>) {
  code: 'EADDRINUSE',
  errno: -48,
  syscall: 'listen',
  address: '::',
  port: 3000
}
[?25h
 ⨯ Failed to start server
Error: listen EADDRINUSE: address already in use :::3000
    at <unknown> (Error: listen EADDRINUSE: address already in use :::3000)
    at new Promise (<anonymous>) {
  code: 'EADDRINUSE',
  errno: -48,
  syscall: 'listen',
  address: '::',
  port: 3000
}
[?25h
 ⨯ Failed to start server
Error: listen EADDRINUSE: address already in use :::3000
    at <unknown> (Error: listen EADDRINUSE: address already in use :::3000)
    at new Promise (<anonymous>) {
  code: 'EADDRINUSE',
  errno: -48,
  syscall: 'listen',
  address: '::',
  port: 3000
}
[?25h
 ⨯ Failed to start server
Error: listen EADDRINUSE: address already in use :::3000
    at <unknown> (Error: listen EADDRINUSE: address already in use :::3000)
    at new Promise (<anonymous>) {
  code: 'EADDRINUSE',
  errno: -48,
  syscall: 'listen',
  address: '::',
  port: 3000
}
[?25h
 ⨯ Failed to start server
Error: listen EADDRINUSE: address already in use :::3000
    at <unknown> (Error: listen EADDRINUSE: address already in use :::3000)
    at new Promise (<anonymous>) {
  code: 'EADDRINUSE',
  errno: -48,
  syscall: 'listen',
  address: '::',
  port: 3000
}
[?25h
 ⨯ Failed to start server
Error: listen EADDRINUSE: address already in use :::3000
    at <unknown> (Error: listen EADDRINUSE: address already in use :::3000)
    at new Promise (<anonymous>) {
  code: 'EADDRINUSE',
  errno: -48,
  syscall: 'listen',
  address: '::',
  port: 3000
}
[?25h
 ⨯ Failed to start server
Error: listen EADDRINUSE: address already in use :::3000
    at <unknown> (Error: listen EADDRINUSE: address already in use :::3000)
    at new Promise (<anonymous>) {
  code: 'EADDRINUSE',
  errno: -48,
  syscall: 'listen',
  address: '::',
  port: 3000
}
[?25h
 ⨯ Failed to start server
Error: listen EADDRINUSE: address already in use :::3000
    at <unknown> (Error: listen EADDRINUSE: address already in use :::3000)
    at new Promise (<anonymous>) {
  code: 'EADDRINUSE',
  errno: -48,
  syscall: 'listen',
  address: '::',
  port: 3000
}
[?25h
 ⨯ Failed to start server
Error: listen EADDRINUSE: address already in use :::3000
    at <unknown> (Error: listen EADDRINUSE: address already in use :::3000)
    at new Promise (<anonymous>) {
  code: 'EADDRINUSE',
  errno: -48,
  syscall: 'listen',
  address: '::',
  port: 3000
}
[?25h
 ⨯ Failed to start server
Error: listen EADDRINUSE: address already in use :::3000
    at <unknown> (Error: listen EADDRINUSE: address already in use :::3000)
    at new Promise (<anonymous>) {
  code: 'EADDRINUSE',
  errno: -48,
  syscall: 'listen',
  address: '::',
  port: 3000
}
[?25h
 ⨯ Failed to start server
Error: listen EADDRINUSE: address already in use :::3000
    at <unknown> (Error: listen EADDRINUSE: address already in use :::3000)
    at new Promise (<anonymous>) {
  code: 'EADDRINUSE',
  errno: -48,
  syscall: 'listen',
  address: '::',
  port: 3000
}
[?25h
 ⨯ Failed to start server
Error: listen EADDRINUSE: address already in use :::3000
    at <unknown> (Error: listen EADDRINUSE: address already in use :::3000)
    at new Promise (<anonymous>) {
  code: 'EADDRINUSE',
  errno: -48,
  syscall: 'listen',
  address: '::',
  port: 3000
}
[?25h
 ⨯ Failed to start server
Error: listen EADDRINUSE: address already in use :::3000
    at <unknown> (Error: listen EADDRINUSE: address already in use :::3000)
    at new Promise (<anonymous>) {
  code: 'EADDRINUSE',
  errno: -48,
  syscall: 'listen',
  address: '::',
  port: 3000
}
[?25h
 ⨯ Failed to start server
Error: listen EADDRINUSE: address already in use :::3000
    at <unknown> (Error: listen EADDRINUSE: address already in use :::3000)
    at new Promise (<anonymous>) {
  code: 'EADDRINUSE',
  errno: -48,
  syscall: 'listen',
  address: '::',
  port: 3000
}
[?25h
 ⨯ Failed to start server
Error: listen EADDRINUSE: address already in use :::3000
    at <unknown> (Error: listen EADDRINUSE: address already in use :::3000)
    at new Promise (<anonymous>) {
  code: 'EADDRINUSE',
  errno: -48,
  syscall: 'listen',
  address: '::',
  port: 3000
}
[?25h
 ⨯ Failed to start server
Error: listen EADDRINUSE: address already in use :::3000
    at <unknown> (Error: listen EADDRINUSE: address already in use :::3000)
    at new Promise (<anonymous>) {
  code: 'EADDRINUSE',
  errno: -48,
  syscall: 'listen',
  address: '::',
  port: 3000
}
[?25h
 ⨯ Failed to start server
Error: listen EADDRINUSE: address already in use :::3000
    at <unknown> (Error: listen EADDRINUSE: address already in use :::3000)
    at new Promise (<anonymous>) {
  code: 'EADDRINUSE',
  errno: -48,
  syscall: 'listen',
  address: '::',
  port: 3000
}
[?25h
 ⨯ Failed to start server
Error: listen EADDRINUSE: address already in use :::3000
    at <unknown> (Error: listen EADDRINUSE: address already in use :::3000)
    at new Promise (<anonymous>) {
  code: 'EADDRINUSE',
  errno: -48,
  syscall: 'listen',
  address: '::',
  port: 3000
}
[?25h
 ⨯ Failed to start server
Error: listen EADDRINUSE: address already in use :::3000
    at <unknown> (Error: listen EADDRINUSE: address already in use :::3000)
    at new Promise (<anonymous>) {
  code: 'EADDRINUSE',
  errno: -48,
  syscall: 'listen',
  address: '::',
  port: 3000
}
[?25h
 ⨯ Failed to start server
Error: listen EADDRINUSE: address already in use :::3000
    at <unknown> (Error: listen EADDRINUSE: address already in use :::3000)
    at new Promise (<anonymous>) {
  code: 'EADDRINUSE',
  errno: -48,
  syscall: 'listen',
  address: '::',
  port: 3000
}
[?25h
 ⨯ Failed to start server
Error: listen EADDRINUSE: address already in use :::3000
    at <unknown> (Error: listen EADDRINUSE: address already in use :::3000)
    at new Promise (<anonymous>) {
  code: 'EADDRINUSE',
  errno: -48,
  syscall: 'listen',
  address: '::',
  port: 3000
}
[?25h
 ⨯ Failed to start server
Error: listen EADDRINUSE: address already in use :::3000
    at <unknown> (Error: listen EADDRINUSE: address already in use :::3000)
    at new Promise (<anonymous>) {
  code: 'EADDRINUSE',
  errno: -48,
  syscall: 'listen',
  address: '::',
  port: 3000
}
[?25h
 ⨯ Failed to start server
Error: listen EADDRINUSE: address already in use :::3000
    at <unknown> (Error: listen EADDRINUSE: address already in use :::3000)
    at new Promise (<anonymous>) {
  code: 'EADDRINUSE',
  errno: -48,
  syscall: 'listen',
  address: '::',
  port: 3000
}
[?25h
 ⨯ Failed to start server
Error: listen EADDRINUSE: address already in use :::3000
    at <unknown> (Error: listen EADDRINUSE: address already in use :::3000)
    at new Promise (<anonymous>) {
  code: 'EADDRINUSE',
  errno: -48,
  syscall: 'listen',
  address: '::',
  port: 3000
}
[?25h
 ⨯ Failed to start server
Error: listen EADDRINUSE: address already in use :::3000
    at <unknown> (Error: listen EADDRINUSE: address already in use :::3000)
    at new Promise (<anonymous>) {
  code: 'EADDRINUSE',
  errno: -48,
  syscall: 'listen',
  address: '::',
  port: 3000
}
[?25h
 ⨯ Failed to start server
Error: listen EADDRINUSE: address already in use :::3000
    at <unknown> (Error: listen EADDRINUSE: address already in use :::3000)
    at new Promise (<anonymous>) {
  code: 'EADDRINUSE',
  errno: -48,
  syscall: 'listen',
  address: '::',
  port: 3000
}
[?25h
 ⨯ Failed to start server
Error: listen EADDRINUSE: address already in use :::3000
    at <unknown> (Error: listen EADDRINUSE: address already in use :::3000)
    at new Promise (<anonymous>) {
  code: 'EADDRINUSE',
  errno: -48,
  syscall: 'listen',
  address: '::',
  port: 3000
}
[?25h
 ⨯ Failed to start server
Error: listen EADDRINUSE: address already in use :::3000
    at <unknown> (Error: listen EADDRINUSE: address already in use :::3000)
    at new Promise (<anonymous>) {
  code: 'EADDRINUSE',
  errno: -48,
  syscall: 'listen',
  address: '::',
  port: 3000
}
[?25h
 ⨯ Failed to start server
Error: listen EADDRINUSE: address already in use :::3000
    at <unknown> (Error: listen EADDRINUSE: address already in use :::3000)
    at new Promise (<anonymous>) {
  code: 'EADDRINUSE',
  errno: -48,
  syscall: 'listen',
  address: '::',
  port: 3000
}
[?25h
 ⨯ Failed to start server
Error: listen EADDRINUSE: address already in use :::3000
    at <unknown> (Error: listen EADDRINUSE: address already in use :::3000)
    at new Promise (<anonymous>) {
  code: 'EADDRINUSE',
  errno: -48,
  syscall: 'listen',
  address: '::',
  port: 3000
}
[?25h
 ⨯ Failed to start server
Error: listen EADDRINUSE: address already in use :::3000
    at <unknown> (Error: listen EADDRINUSE: address already in use :::3000)
    at new Promise (<anonymous>) {
  code: 'EADDRINUSE',
  errno: -48,
  syscall: 'listen',
  address: '::',
  port: 3000
}
[?25h
 ⨯ Failed to start server
Error: listen EADDRINUSE: address already in use :::3000
    at <unknown> (Error: listen EADDRINUSE: address already in use :::3000)
    at new Promise (<anonymous>) {
  code: 'EADDRINUSE',
  errno: -48,
  syscall: 'listen',
  address: '::',
  port: 3000
}
[?25h
 ⨯ Failed to start server
Error: listen EADDRINUSE: address already in use :::3000
    at <unknown> (Error: listen EADDRINUSE: address already in use :::3000)
    at new Promise (<anonymous>) {
  code: 'EADDRINUSE',
  errno: -48,
  syscall: 'listen',
  address: '::',
  port: 3000
}
[?25h
 ⨯ Failed to start server
Error: listen EADDRINUSE: address already in use :::3000
    at <unknown> (Error: listen EADDRINUSE: address already in use :::3000)
    at new Promise (<anonymous>) {
  code: 'EADDRINUSE',
  errno: -48,
  syscall: 'listen',
  address: '::',
  port: 3000
}
[?25h
 ⨯ Failed to start server
Error: listen EADDRINUSE: address already in use :::3000
    at <unknown> (Error: listen EADDRINUSE: address already in use :::3000)
    at new Promise (<anonymous>) {
  code: 'EADDRINUSE',
  errno: -48,
  syscall: 'listen',
  address: '::',
  port: 3000
}
[?25h
 ⨯ Failed to start server
Error: listen EADDRINUSE: address already in use :::3000
    at <unknown> (Error: listen EADDRINUSE: address already in use :::3000)
    at new Promise (<anonymous>) {
  code: 'EADDRINUSE',
  errno: -48,
  syscall: 'listen',
  address: '::',
  port: 3000
}
[?25h
 ⨯ Failed to start server
Error: listen EADDRINUSE: address already in use :::3000
    at <unknown> (Error: listen EADDRINUSE: address already in use :::3000)
    at new Promise (<anonymous>) {
  code: 'EADDRINUSE',
  errno: -48,
  syscall: 'listen',
  address: '::',
  port: 3000
}
[?25h
 ⨯ Failed to start server
Error: listen EADDRINUSE: address already in use :::3000
    at <unknown> (Error: listen EADDRINUSE: address already in use :::3000)
    at new Promise (<anonymous>) {
  code: 'EADDRINUSE',
  errno: -48,
  syscall: 'listen',
  address: '::',
  port: 3000
}
[?25h
 ⨯ Failed to start server
Error: listen EADDRINUSE: address already in use :::3000
    at <unknown> (Error: listen EADDRINUSE: address already in use :::3000)
    at new Promise (<anonymous>) {
  code: 'EADDRINUSE',
  errno: -48,
  syscall: 'listen',
  address: '::',
  port: 3000
}
[?25h
 ⨯ Failed to start server
Error: listen EADDRINUSE: address already in use :::3000
    at <unknown> (Error: listen EADDRINUSE: address already in use :::3000)
    at new Promise (<anonymous>) {
  code: 'EADDRINUSE',
  errno: -48,
  syscall: 'listen',
  address: '::',
  port: 3000
}
[?25h
 ⨯ Failed to start server
Error: listen EADDRINUSE: address already in use :::3000
    at <unknown> (Error: listen EADDRINUSE: address already in use :::3000)
    at new Promise (<anonymous>) {
  code: 'EADDRINUSE',
  errno: -48,
  syscall: 'listen',
  address: '::',
  port: 3000
}
[?25h
 ⨯ Failed to start server
Error: listen EADDRINUSE: address already in use :::3000
    at <unknown> (Error: listen EADDRINUSE: address already in use :::3000)
    at new Promise (<anonymous>) {
  code: 'EADDRINUSE',
  errno: -48,
  syscall: 'listen',
  address: '::',
  port: 3000
}
[?25h
 ⨯ Failed to start server
Error: listen EADDRINUSE: address already in use :::3000
    at <unknown> (Error: listen EADDRINUSE: address already in use :::3000)
    at new Promise (<anonymous>) {
  code: 'EADDRINUSE',
  errno: -48,
  syscall: 'listen',
  address: '::',
  port: 3000
}
[?25h
 ⨯ Failed to start server
Error: listen EADDRINUSE: address already in use :::3000
    at <unknown> (Error: listen EADDRINUSE: address already in use :::3000)
    at new Promise (<anonymous>) {
  code: 'EADDRINUSE',
  errno: -48,
  syscall: 'listen',
  address: '::',
  port: 3000
}
[?25h
 ⨯ Failed to start server
Error: listen EADDRINUSE: address already in use :::3000
    at <unknown> (Error: listen EADDRINUSE: address already in use :::3000)
    at new Promise (<anonymous>) {
  code: 'EADDRINUSE',
  errno: -48,
  syscall: 'listen',
  address: '::',
  port: 3000
}
[?25h
 ⨯ Failed to start server
Error: listen EADDRINUSE: address already in use :::3000
    at <unknown> (Error: listen EADDRINUSE: address already in use :::3000)
    at new Promise (<anonymous>) {
  code: 'EADDRINUSE',
  errno: -48,
  syscall: 'listen',
  address: '::',
  port: 3000
}
[?25h
 ⨯ Failed to start server
Error: listen EADDRINUSE: address already in use :::3000
    at <unknown> (Error: listen EADDRINUSE: address already in use :::3000)
    at new Promise (<anonymous>) {
  code: 'EADDRINUSE',
  errno: -48,
  syscall: 'listen',
  address: '::',
  port: 3000
}
[?25h
 ⨯ Failed to start server
Error: listen EADDRINUSE: address already in use :::3000
    at <unknown> (Error: listen EADDRINUSE: address already in use :::3000)
    at new Promise (<anonymous>) {
  code: 'EADDRINUSE',
  errno: -48,
  syscall: 'listen',
  address: '::',
  port: 3000
}
[?25h
 ⨯ Failed to start server
Error: listen EADDRINUSE: address already in use :::3000
    at <unknown> (Error: listen EADDRINUSE: address already in use :::3000)
    at new Promise (<anonymous>) {
  code: 'EADDRINUSE',
  errno: -48,
  syscall: 'listen',
  address: '::',
  port: 3000
}
[?25h
 ⨯ Failed to start server
Error: listen EADDRINUSE: address already in use :::3000
    at <unknown> (Error: listen EADDRINUSE: address already in use :::3000)
    at new Promise (<anonymous>) {
  code: 'EADDRINUSE',
  errno: -48,
  syscall: 'listen',
  address: '::',
  port: 3000
}
[?25h
 ⨯ Failed to start server
Error: listen EADDRINUSE: address already in use :::3000
    at <unknown> (Error: listen EADDRINUSE: address already in use :::3000)
    at new Promise (<anonymous>) {
  code: 'EADDRINUSE',
  errno: -48,
  syscall: 'listen',
  address: '::',
  port: 3000
}
[?25h
 ⨯ Failed to start server
Error: listen EADDRINUSE: address already in use :::3000
    at <unknown> (Error: listen EADDRINUSE: address already in use :::3000)
    at new Promise (<anonymous>) {
  code: 'EADDRINUSE',
  errno: -48,
  syscall: 'listen',
  address: '::',
  port: 3000
}
[?25h
 ⨯ Failed to start server
Error: listen EADDRINUSE: address already in use :::3000
    at <unknown> (Error: listen EADDRINUSE: address already in use :::3000)
    at new Promise (<anonymous>) {
  code: 'EADDRINUSE',
  errno: -48,
  syscall: 'listen',
  address: '::',
  port: 3000
}
[?25h
 ⨯ Failed to start server
Error: listen EADDRINUSE: address already in use :::3000
    at <unknown> (Error: listen EADDRINUSE: address already in use :::3000)
    at new Promise (<anonymous>) {
  code: 'EADDRINUSE',
  errno: -48,
  syscall: 'listen',
  address: '::',
  port: 3000
}
[?25h
 ⨯ Failed to start server
Error: listen EADDRINUSE: address already in use :::3000
    at <unknown> (Error: listen EADDRINUSE: address already in use :::3000)
    at new Promise (<anonymous>) {
  code: 'EADDRINUSE',
  errno: -48,
  syscall: 'listen',
  address: '::',
  port: 3000
}
[?25h
 ⨯ Failed to start server
Error: listen EADDRINUSE: address already in use :::3000
    at <unknown> (Error: listen EADDRINUSE: address already in use :::3000)
    at new Promise (<anonymous>) {
  code: 'EADDRINUSE',
  errno: -48,
  syscall: 'listen',
  address: '::',
  port: 3000
}
[?25h
 ⨯ Failed to start server
Error: listen EADDRINUSE: address already in use :::3000
    at <unknown> (Error: listen EADDRINUSE: address already in use :::3000)
    at new Promise (<anonymous>) {
  code: 'EADDRINUSE',
  errno: -48,
  syscall: 'listen',
  address: '::',
  port: 3000
}
[?25h
 ⨯ Failed to start server
Error: listen EADDRINUSE: address already in use :::3000
    at <unknown> (Error: listen EADDRINUSE: address already in use :::3000)
    at new Promise (<anonymous>) {
  code: 'EADDRINUSE',
  errno: -48,
  syscall: 'listen',
  address: '::',
  port: 3000
}
[?25h
 ⨯ Failed to start server
Error: listen EADDRINUSE: address already in use :::3000
    at <unknown> (Error: listen EADDRINUSE: address already in use :::3000)
    at new Promise (<anonymous>) {
  code: 'EADDRINUSE',
  errno: -48,
  syscall: 'listen',
  address: '::',
  port: 3000
}
[?25h
 ⨯ Failed to start server
Error: listen EADDRINUSE: address already in use :::3000
    at <unknown> (Error: listen EADDRINUSE: address already in use :::3000)
    at new Promise (<anonymous>) {
  code: 'EADDRINUSE',
  errno: -48,
  syscall: 'listen',
  address: '::',
  port: 3000
}
[?25h
 ⨯ Failed to start server
Error: listen EADDRINUSE: address already in use :::3000
    at <unknown> (Error: listen EADDRINUSE: address already in use :::3000)
    at new Promise (<anonymous>) {
  code: 'EADDRINUSE',
  errno: -48,
  syscall: 'listen',
  address: '::',
  port: 3000
}
[?25h
 ⨯ Failed to start server
Error: listen EADDRINUSE: address already in use :::3000
    at <unknown> (Error: listen EADDRINUSE: address already in use :::3000)
    at new Promise (<anonymous>) {
  code: 'EADDRINUSE',
  errno: -48,
  syscall: 'listen',
  address: '::',
  port: 3000
}
[?25h
 ⨯ Failed to start server
Error: listen EADDRINUSE: address already in use :::3000
    at <unknown> (Error: listen EADDRINUSE: address already in use :::3000)
    at new Promise (<anonymous>) {
  code: 'EADDRINUSE',
  errno: -48,
  syscall: 'listen',
  address: '::',
  port: 3000
}
[?25h
 ⨯ Failed to start server
Error: listen EADDRINUSE: address already in use :::3000
    at <unknown> (Error: listen EADDRINUSE: address already in use :::3000)
    at new Promise (<anonymous>) {
  code: 'EADDRINUSE',
  errno: -48,
  syscall: 'listen',
  address: '::',
  port: 3000
}
[?25h
 ⨯ Failed to start server
Error: listen EADDRINUSE: address already in use :::3000
    at <unknown> (Error: listen EADDRINUSE: address already in use :::3000)
    at new Promise (<anonymous>) {
  code: 'EADDRINUSE',
  errno: -48,
  syscall: 'listen',
  address: '::',
  port: 3000
}
[?25h
 ⨯ Failed to start server
Error: listen EADDRINUSE: address already in use :::3000
    at <unknown> (Error: listen EADDRINUSE: address already in use :::3000)
    at new Promise (<anonymous>) {
  code: 'EADDRINUSE',
  errno: -48,
  syscall: 'listen',
  address: '::',
  port: 3000
}
[?25h
 ⨯ Failed to start server
Error: listen EADDRINUSE: address already in use :::3000
    at <unknown> (Error: listen EADDRINUSE: address already in use :::3000)
    at new Promise (<anonymous>) {
  code: 'EADDRINUSE',
  errno: -48,
  syscall: 'listen',
  address: '::',
  port: 3000
}
[?25h
 ⨯ Failed to start server
Error: listen EADDRINUSE: address already in use :::3000
    at <unknown> (Error: listen EADDRINUSE: address already in use :::3000)
    at new Promise (<anonymous>) {
  code: 'EADDRINUSE',
  errno: -48,
  syscall: 'listen',
  address: '::',
  port: 3000
}
[?25h
 ⨯ Failed to start server
Error: listen EADDRINUSE: address already in use :::3000
    at <unknown> (Error: listen EADDRINUSE: address already in use :::3000)
    at new Promise (<anonymous>) {
  code: 'EADDRINUSE',
  errno: -48,
  syscall: 'listen',
  address: '::',
  port: 3000
}
[?25h
 ⨯ Failed to start server
Error: listen EADDRINUSE: address already in use :::3000
    at <unknown> (Error: listen EADDRINUSE: address already in use :::3000)
    at new Promise (<anonymous>) {
  code: 'EADDRINUSE',
  errno: -48,
  syscall: 'listen',
  address: '::',
  port: 3000
}
[?25h
 ⨯ Failed to start server
Error: listen EADDRINUSE: address already in use :::3000
    at <unknown> (Error: listen EADDRINUSE: address already in use :::3000)
    at new Promise (<anonymous>) {
  code: 'EADDRINUSE',
  errno: -48,
  syscall: 'listen',
  address: '::',
  port: 3000
}
[?25h
 ⨯ Failed to start server
Error: listen EADDRINUSE: address already in use :::3000
    at <unknown> (Error: listen EADDRINUSE: address already in use :::3000)
    at new Promise (<anonymous>) {
  code: 'EADDRINUSE',
  errno: -48,
  syscall: 'listen',
  address: '::',
  port: 3000
}
[?25h
 ⨯ Failed to start server
Error: listen EADDRINUSE: address already in use :::3000
    at <unknown> (Error: listen EADDRINUSE: address already in use :::3000)
    at new Promise (<anonymous>) {
  code: 'EADDRINUSE',
  errno: -48,
  syscall: 'listen',
  address: '::',
  port: 3000
}
[?25h
 ⨯ Failed to start server
Error: listen EADDRINUSE: address already in use :::3000
    at <unknown> (Error: listen EADDRINUSE: address already in use :::3000)
    at new Promise (<anonymous>) {
  code: 'EADDRINUSE',
  errno: -48,
  syscall: 'listen',
  address: '::',
  port: 3000
}
[?25h
 ⨯ Failed to start server
Error: listen EADDRINUSE: address already in use :::3000
    at <unknown> (Error: listen EADDRINUSE: address already in use :::3000)
    at new Promise (<anonymous>) {
  code: 'EADDRINUSE',
  errno: -48,
  syscall: 'listen',
  address: '::',
  port: 3000
}
[?25h
 ⨯ Failed to start server
Error: listen EADDRINUSE: address already in use :::3000
    at <unknown> (Error: listen EADDRINUSE: address already in use :::3000)
    at new Promise (<anonymous>) {
  code: 'EADDRINUSE',
  errno: -48,
  syscall: 'listen',
  address: '::',
  port: 3000
}
[?25h
 ⨯ Failed to start server
Error: listen EADDRINUSE: address already in use :::3000
    at <unknown> (Error: listen EADDRINUSE: address already in use :::3000)
    at new Promise (<anonymous>) {
  code: 'EADDRINUSE',
  errno: -48,
  syscall: 'listen',
  address: '::',
  port: 3000
}
[?25h
 ⨯ Failed to start server
Error: listen EADDRINUSE: address already in use :::3000
    at <unknown> (Error: listen EADDRINUSE: address already in use :::3000)
    at new Promise (<anonymous>) {
  code: 'EADDRINUSE',
  errno: -48,
  syscall: 'listen',
  address: '::',
  port: 3000
}
[?25h
 ⨯ Failed to start server
Error: listen EADDRINUSE: address already in use :::3000
    at <unknown> (Error: listen EADDRINUSE: address already in use :::3000)
    at new Promise (<anonymous>) {
  code: 'EADDRINUSE',
  errno: -48,
  syscall: 'listen',
  address: '::',
  port: 3000
}
[?25h
 ⨯ Failed to start server
Error: listen EADDRINUSE: address already in use :::3000
    at <unknown> (Error: listen EADDRINUSE: address already in use :::3000)
    at new Promise (<anonymous>) {
  code: 'EADDRINUSE',
  errno: -48,
  syscall: 'listen',
  address: '::',
  port: 3000
}
[?25h
 ⨯ Failed to start server
Error: listen EADDRINUSE: address already in use :::3000
    at <unknown> (Error: listen EADDRINUSE: address already in use :::3000)
    at new Promise (<anonymous>) {
  code: 'EADDRINUSE',
  errno: -48,
  syscall: 'listen',
  address: '::',
  port: 3000
}
[?25h
 ⨯ Failed to start server
Error: listen EADDRINUSE: address already in use :::3000
    at <unknown> (Error: listen EADDRINUSE: address already in use :::3000)
    at new Promise (<anonymous>) {
  code: 'EADDRINUSE',
  errno: -48,
  syscall: 'listen',
  address: '::',
  port: 3000
}
[?25h
 ⨯ Failed to start server
Error: listen EADDRINUSE: address already in use :::3000
    at <unknown> (Error: listen EADDRINUSE: address already in use :::3000)
    at new Promise (<anonymous>) {
  code: 'EADDRINUSE',
  errno: -48,
  syscall: 'listen',
  address: '::',
  port: 3000
}
[?25h
 ⨯ Failed to start server
Error: listen EADDRINUSE: address already in use :::3000
    at <unknown> (Error: listen EADDRINUSE: address already in use :::3000)
    at new Promise (<anonymous>) {
  code: 'EADDRINUSE',
  errno: -48,
  syscall: 'listen',
  address: '::',
  port: 3000
}
[?25h
 ⨯ Failed to start server
Error: listen EADDRINUSE: address already in use :::3000
    at <unknown> (Error: listen EADDRINUSE: address already in use :::3000)
    at new Promise (<anonymous>) {
  code: 'EADDRINUSE',
  errno: -48,
  syscall: 'listen',
  address: '::',
  port: 3000
}
[?25h
 ⨯ Failed to start server
Error: listen EADDRINUSE: address already in use :::3000
    at <unknown> (Error: listen EADDRINUSE: address already in use :::3000)
    at new Promise (<anonymous>) {
  code: 'EADDRINUSE',
  errno: -48,
  syscall: 'listen',
  address: '::',
  port: 3000
}
[?25h
 ⨯ Failed to start server
Error: listen EADDRINUSE: address already in use :::3000
    at <unknown> (Error: listen EADDRINUSE: address already in use :::3000)
    at new Promise (<anonymous>) {
  code: 'EADDRINUSE',
  errno: -48,
  syscall: 'listen',
  address: '::',
  port: 3000
}
[?25h
 ⨯ Failed to start server
Error: listen EADDRINUSE: address already in use :::3000
    at <unknown> (Error: listen EADDRINUSE: address already in use :::3000)
    at new Promise (<anonymous>) {
  code: 'EADDRINUSE',
  errno: -48,
  syscall: 'listen',
  address: '::',
  port: 3000
}
[?25h
 ⨯ Failed to start server
Error: listen EADDRINUSE: address already in use :::3000
    at <unknown> (Error: listen EADDRINUSE: address already in use :::3000)
    at new Promise (<anonymous>) {
  code: 'EADDRINUSE',
  errno: -48,
  syscall: 'listen',
  address: '::',
  port: 3000
}
[?25h
 ⨯ Failed to start server
Error: listen EADDRINUSE: address already in use :::3000
    at <unknown> (Error: listen EADDRINUSE: address already in use :::3000)
    at new Promise (<anonymous>) {
  code: 'EADDRINUSE',
  errno: -48,
  syscall: 'listen',
  address: '::',
  port: 3000
}
[?25h
 ⨯ Failed to start server
Error: listen EADDRINUSE: address already in use :::3000
    at <unknown> (Error: listen EADDRINUSE: address already in use :::3000)
    at new Promise (<anonymous>) {
  code: 'EADDRINUSE',
  errno: -48,
  syscall: 'listen',
  address: '::',
  port: 3000
}
[?25h
 ⨯ Failed to start server
Error: listen EADDRINUSE: address already in use :::3000
    at <unknown> (Error: listen EADDRINUSE: address already in use :::3000)
    at new Promise (<anonymous>) {
  code: 'EADDRINUSE',
  errno: -48,
  syscall: 'listen',
  address: '::',
  port: 3000
}
[?25h
 ⨯ Failed to start server
Error: listen EADDRINUSE: address already in use :::3000
    at <unknown> (Error: listen EADDRINUSE: address already in use :::3000)
    at new Promise (<anonymous>) {
  code: 'EADDRINUSE',
  errno: -48,
  syscall: 'listen',
  address: '::',
  port: 3000
}
[?25h
 ⨯ Failed to start server
Error: listen EADDRINUSE: address already in use :::3000
    at <unknown> (Error: listen EADDRINUSE: address already in use :::3000)
    at new Promise (<anonymous>) {
  code: 'EADDRINUSE',
  errno: -48,
  syscall: 'listen',
  address: '::',
  port: 3000
}
[?25h
 ⨯ Failed to start server
Error: listen EADDRINUSE: address already in use :::3000
    at <unknown> (Error: listen EADDRINUSE: address already in use :::3000)
    at new Promise (<anonymous>) {
  code: 'EADDRINUSE',
  errno: -48,
  syscall: 'listen',
  address: '::',
  port: 3000
}
[?25h
 ⨯ Failed to start server
Error: listen EADDRINUSE: address already in use :::3000
    at <unknown> (Error: listen EADDRINUSE: address already in use :::3000)
    at new Promise (<anonymous>) {
  code: 'EADDRINUSE',
  errno: -48,
  syscall: 'listen',
  address: '::',
  port: 3000
}
[?25h
 ⨯ Failed to start server
Error: listen EADDRINUSE: address already in use :::3000
    at <unknown> (Error: listen EADDRINUSE: address already in use :::3000)
    at new Promise (<anonymous>) {
  code: 'EADDRINUSE',
  errno: -48,
  syscall: 'listen',
  address: '::',
  port: 3000
}
[?25h
 ⨯ Failed to start server
Error: listen EADDRINUSE: address already in use :::3000
    at <unknown> (Error: listen EADDRINUSE: address already in use :::3000)
    at new Promise (<anonymous>) {
  code: 'EADDRINUSE',
  errno: -48,
  syscall: 'listen',
  address: '::',
  port: 3000
}
[?25h
 ⨯ Failed to start server
Error: listen EADDRINUSE: address already in use :::3000
    at <unknown> (Error: listen EADDRINUSE: address already in use :::3000)
    at new Promise (<anonymous>) {
  code: 'EADDRINUSE',
  errno: -48,
  syscall: 'listen',
  address: '::',
  port: 3000
}
[?25h
 ⨯ Failed to start server
Error: listen EADDRINUSE: address already in use :::3000
    at <unknown> (Error: listen EADDRINUSE: address already in use :::3000)
    at new Promise (<anonymous>) {
  code: 'EADDRINUSE',
  errno: -48,
  syscall: 'listen',
  address: '::',
  port: 3000
}
[?25h
 ⨯ Failed to start server
Error: listen EADDRINUSE: address already in use :::3000
    at <unknown> (Error: listen EADDRINUSE: address already in use :::3000)
    at new Promise (<anonymous>) {
  code: 'EADDRINUSE',
  errno: -48,
  syscall: 'listen',
  address: '::',
  port: 3000
}
[?25h
 ⨯ Failed to start server
Error: listen EADDRINUSE: address already in use :::3000
    at <unknown> (Error: listen EADDRINUSE: address already in use :::3000)
    at new Promise (<anonymous>) {
  code: 'EADDRINUSE',
  errno: -48,
  syscall: 'listen',
  address: '::',
  port: 3000
}
[?25h
 ⨯ Failed to start server
Error: listen EADDRINUSE: address already in use :::3000
    at <unknown> (Error: listen EADDRINUSE: address already in use :::3000)
    at new Promise (<anonymous>) {
  code: 'EADDRINUSE',
  errno: -48,
  syscall: 'listen',
  address: '::',
  port: 3000
}
[?25h
 ⨯ Failed to start server
Error: listen EADDRINUSE: address already in use :::3000
    at <unknown> (Error: listen EADDRINUSE: address already in use :::3000)
    at new Promise (<anonymous>) {
  code: 'EADDRINUSE',
  errno: -48,
  syscall: 'listen',
  address: '::',
  port: 3000
}
[?25h
 ⨯ Failed to start server
Error: listen EADDRINUSE: address already in use :::3000
    at <unknown> (Error: listen EADDRINUSE: address already in use :::3000)
    at new Promise (<anonymous>) {
  code: 'EADDRINUSE',
  errno: -48,
  syscall: 'listen',
  address: '::',
  port: 3000
}
[?25h
 ⨯ Failed to start server
Error: listen EADDRINUSE: address already in use :::3000
    at <unknown> (Error: listen EADDRINUSE: address already in use :::3000)
    at new Promise (<anonymous>) {
  code: 'EADDRINUSE',
  errno: -48,
  syscall: 'listen',
  address: '::',
  port: 3000
}
[?25h
 ⨯ Failed to start server
Error: listen EADDRINUSE: address already in use :::3000
    at <unknown> (Error: listen EADDRINUSE: address already in use :::3000)
    at new Promise (<anonymous>) {
  code: 'EADDRINUSE',
  errno: -48,
  syscall: 'listen',
  address: '::',
  port: 3000
}
[?25h
 ⨯ Failed to start server
Error: listen EADDRINUSE: address already in use :::3000
    at <unknown> (Error: listen EADDRINUSE: address already in use :::3000)
    at new Promise (<anonymous>) {
  code: 'EADDRINUSE',
  errno: -48,
  syscall: 'listen',
  address: '::',
  port: 3000
}
[?25h
 ⨯ Failed to start server
Error: listen EADDRINUSE: address already in use :::3000
    at <unknown> (Error: listen EADDRINUSE: address already in use :::3000)
    at new Promise (<anonymous>) {
  code: 'EADDRINUSE',
  errno: -48,
  syscall: 'listen',
  address: '::',
  port: 3000
}
[?25h
 ⨯ Failed to start server
Error: listen EADDRINUSE: address already in use :::3000
    at <unknown> (Error: listen EADDRINUSE: address already in use :::3000)
    at new Promise (<anonymous>) {
  code: 'EADDRINUSE',
  errno: -48,
  syscall: 'listen',
  address: '::',
  port: 3000
}
[?25h
 ⨯ Failed to start server
Error: listen EADDRINUSE: address already in use :::3000
    at <unknown> (Error: listen EADDRINUSE: address already in use :::3000)
    at new Promise (<anonymous>) {
  code: 'EADDRINUSE',
  errno: -48,
  syscall: 'listen',
  address: '::',
  port: 3000
}
[?25h
 ⨯ Failed to start server
Error: listen EADDRINUSE: address already in use :::3000
    at <unknown> (Error: listen EADDRINUSE: address already in use :::3000)
    at new Promise (<anonymous>) {
  code: 'EADDRINUSE',
  errno: -48,
  syscall: 'listen',
  address: '::',
  port: 3000
}
[?25h
 ⨯ Failed to start server
Error: listen EADDRINUSE: address already in use :::3000
    at <unknown> (Error: listen EADDRINUSE: address already in use :::3000)
    at new Promise (<anonymous>) {
  code: 'EADDRINUSE',
  errno: -48,
  syscall: 'listen',
  address: '::',
  port: 3000
}
[?25h
 ⨯ Failed to start server
Error: listen EADDRINUSE: address already in use :::3000
    at <unknown> (Error: listen EADDRINUSE: address already in use :::3000)
    at new Promise (<anonymous>) {
  code: 'EADDRINUSE',
  errno: -48,
  syscall: 'listen',
  address: '::',
  port: 3000
}
[?25h
 ⨯ Failed to start server
Error: listen EADDRINUSE: address already in use :::3000
    at <unknown> (Error: listen EADDRINUSE: address already in use :::3000)
    at new Promise (<anonymous>) {
  code: 'EADDRINUSE',
  errno: -48,
  syscall: 'listen',
  address: '::',
  port: 3000
}
[?25h
 ⨯ Failed to start server
Error: listen EADDRINUSE: address already in use :::3000
    at <unknown> (Error: listen EADDRINUSE: address already in use :::3000)
    at new Promise (<anonymous>) {
  code: 'EADDRINUSE',
  errno: -48,
  syscall: 'listen',
  address: '::',
  port: 3000
}
[?25h
 ⨯ Failed to start server
Error: listen EADDRINUSE: address already in use :::3000
    at <unknown> (Error: listen EADDRINUSE: address already in use :::3000)
    at new Promise (<anonymous>) {
  code: 'EADDRINUSE',
  errno: -48,
  syscall: 'listen',
  address: '::',
  port: 3000
}
[?25h
 ⨯ Failed to start server
Error: listen EADDRINUSE: address already in use :::3000
    at <unknown> (Error: listen EADDRINUSE: address already in use :::3000)
    at new Promise (<anonymous>) {
  code: 'EADDRINUSE',
  errno: -48,
  syscall: 'listen',
  address: '::',
  port: 3000
}
[?25h
 ⨯ Failed to start server
Error: listen EADDRINUSE: address already in use :::3000
    at <unknown> (Error: listen EADDRINUSE: address already in use :::3000)
    at new Promise (<anonymous>) {
  code: 'EADDRINUSE',
  errno: -48,
  syscall: 'listen',
  address: '::',
  port: 3000
}
[?25h
 ⨯ Failed to start server
Error: listen EADDRINUSE: address already in use :::3000
    at <unknown> (Error: listen EADDRINUSE: address already in use :::3000)
    at new Promise (<anonymous>) {
  code: 'EADDRINUSE',
  errno: -48,
  syscall: 'listen',
  address: '::',
  port: 3000
}
[?25h
 ⨯ Failed to start server
Error: listen EADDRINUSE: address already in use :::3000
    at <unknown> (Error: listen EADDRINUSE: address already in use :::3000)
    at new Promise (<anonymous>) {
  code: 'EADDRINUSE',
  errno: -48,
  syscall: 'listen',
  address: '::',
  port: 3000
}
[?25h
 ⨯ Failed to start server
Error: listen EADDRINUSE: address already in use :::3000
    at <unknown> (Error: listen EADDRINUSE: address already in use :::3000)
    at new Promise (<anonymous>) {
  code: 'EADDRINUSE',
  errno: -48,
  syscall: 'listen',
  address: '::',
  port: 3000
}
[?25h
 ⨯ Failed to start server
Error: listen EADDRINUSE: address already in use :::3000
    at <unknown> (Error: listen EADDRINUSE: address already in use :::3000)
    at new Promise (<anonymous>) {
  code: 'EADDRINUSE',
  errno: -48,
  syscall: 'listen',
  address: '::',
  port: 3000
}
[?25h
 ⨯ Failed to start server
Error: listen EADDRINUSE: address already in use :::3000
    at <unknown> (Error: listen EADDRINUSE: address already in use :::3000)
    at new Promise (<anonymous>) {
  code: 'EADDRINUSE',
  errno: -48,
  syscall: 'listen',
  address: '::',
  port: 3000
}
[?25h
 ⨯ Failed to start server
Error: listen EADDRINUSE: address already in use :::3000
    at <unknown> (Error: listen EADDRINUSE: address already in use :::3000)
    at new Promise (<anonymous>) {
  code: 'EADDRINUSE',
  errno: -48,
  syscall: 'listen',
  address: '::',
  port: 3000
}
[?25h
 ⨯ Failed to start server
Error: listen EADDRINUSE: address already in use :::3000
    at <unknown> (Error: listen EADDRINUSE: address already in use :::3000)
    at new Promise (<anonymous>) {
  code: 'EADDRINUSE',
  errno: -48,
  syscall: 'listen',
  address: '::',
  port: 3000
}
[?25h
 ⨯ Failed to start server
Error: listen EADDRINUSE: address already in use :::3000
    at <unknown> (Error: listen EADDRINUSE: address already in use :::3000)
    at new Promise (<anonymous>) {
  code: 'EADDRINUSE',
  errno: -48,
  syscall: 'listen',
  address: '::',
  port: 3000
}
[?25h
 ⨯ Failed to start server
Error: listen EADDRINUSE: address already in use :::3000
    at <unknown> (Error: listen EADDRINUSE: address already in use :::3000)
    at new Promise (<anonymous>) {
  code: 'EADDRINUSE',
  errno: -48,
  syscall: 'listen',
  address: '::',
  port: 3000
}
[?25h
 ⨯ Failed to start server
Error: listen EADDRINUSE: address already in use :::3000
    at <unknown> (Error: listen EADDRINUSE: address already in use :::3000)
    at new Promise (<anonymous>) {
  code: 'EADDRINUSE',
  errno: -48,
  syscall: 'listen',
  address: '::',
  port: 3000
}
[?25h
 ⨯ Failed to start server
Error: listen EADDRINUSE: address already in use :::3000
    at <unknown> (Error: listen EADDRINUSE: address already in use :::3000)
    at new Promise (<anonymous>) {
  code: 'EADDRINUSE',
  errno: -48,
  syscall: 'listen',
  address: '::',
  port: 3000
}
[?25h
 ⨯ Failed to start server
Error: listen EADDRINUSE: address already in use :::3000
    at <unknown> (Error: listen EADDRINUSE: address already in use :::3000)
    at new Promise (<anonymous>) {
  code: 'EADDRINUSE',
  errno: -48,
  syscall: 'listen',
  address: '::',
  port: 3000
}
[?25h
 ⨯ Failed to start server
Error: listen EADDRINUSE: address already in use :::3000
    at <unknown> (Error: listen EADDRINUSE: address already in use :::3000)
    at new Promise (<anonymous>) {
  code: 'EADDRINUSE',
  errno: -48,
  syscall: 'listen',
  address: '::',
  port: 3000
}
[?25h
 ⨯ Failed to start server
Error: listen EADDRINUSE: address already in use :::3000
    at <unknown> (Error: listen EADDRINUSE: address already in use :::3000)
    at new Promise (<anonymous>) {
  code: 'EADDRINUSE',
  errno: -48,
  syscall: 'listen',
  address: '::',
  port: 3000
}
[?25h
 ⨯ Failed to start server
Error: listen EADDRINUSE: address already in use :::3000
    at <unknown> (Error: listen EADDRINUSE: address already in use :::3000)
    at new Promise (<anonymous>) {
  code: 'EADDRINUSE',
  errno: -48,
  syscall: 'listen',
  address: '::',
  port: 3000
}
[?25h
 ⨯ Failed to start server
Error: listen EADDRINUSE: address already in use :::3000
    at <unknown> (Error: listen EADDRINUSE: address already in use :::3000)
    at new Promise (<anonymous>) {
  code: 'EADDRINUSE',
  errno: -48,
  syscall: 'listen',
  address: '::',
  port: 3000
}
[?25h
 ⨯ Failed to start server
Error: listen EADDRINUSE: address already in use :::3000
    at <unknown> (Error: listen EADDRINUSE: address already in use :::3000)
    at new Promise (<anonymous>) {
  code: 'EADDRINUSE',
  errno: -48,
  syscall: 'listen',
  address: '::',
  port: 3000
}
[?25h
 ⨯ Failed to start server
Error: listen EADDRINUSE: address already in use :::3000
    at <unknown> (Error: listen EADDRINUSE: address already in use :::3000)
    at new Promise (<anonymous>) {
  code: 'EADDRINUSE',
  errno: -48,
  syscall: 'listen',
  address: '::',
  port: 3000
}
[?25h
 ⨯ Failed to start server
Error: listen EADDRINUSE: address already in use :::3000
    at <unknown> (Error: listen EADDRINUSE: address already in use :::3000)
    at new Promise (<anonymous>) {
  code: 'EADDRINUSE',
  errno: -48,
  syscall: 'listen',
  address: '::',
  port: 3000
}
[?25h
 ⨯ Failed to start server
Error: listen EADDRINUSE: address already in use :::3000
    at <unknown> (Error: listen EADDRINUSE: address already in use :::3000)
    at new Promise (<anonymous>) {
  code: 'EADDRINUSE',
  errno: -48,
  syscall: 'listen',
  address: '::',
  port: 3000
}
[?25h
 ⨯ Failed to start server
Error: listen EADDRINUSE: address already in use :::3000
    at <unknown> (Error: listen EADDRINUSE: address already in use :::3000)
    at new Promise (<anonymous>) {
  code: 'EADDRINUSE',
  errno: -48,
  syscall: 'listen',
  address: '::',
  port: 3000
}
[?25h
 ⨯ Failed to start server
Error: listen EADDRINUSE: address already in use :::3000
    at <unknown> (Error: listen EADDRINUSE: address already in use :::3000)
    at new Promise (<anonymous>) {
  code: 'EADDRINUSE',
  errno: -48,
  syscall: 'listen',
  address: '::',
  port: 3000
}
[?25h
 ⨯ Failed to start server
Error: listen EADDRINUSE: address already in use :::3000
    at <unknown> (Error: listen EADDRINUSE: address already in use :::3000)
    at new Promise (<anonymous>) {
  code: 'EADDRINUSE',
  errno: -48,
  syscall: 'listen',
  address: '::',
  port: 3000
}
[?25h
 ⨯ Failed to start server
Error: listen EADDRINUSE: address already in use :::3000
    at <unknown> (Error: listen EADDRINUSE: address already in use :::3000)
    at new Promise (<anonymous>) {
  code: 'EADDRINUSE',
  errno: -48,
  syscall: 'listen',
  address: '::',
  port: 3000
}
[?25h
 ⨯ Failed to start server
Error: listen EADDRINUSE: address already in use :::3000
    at <unknown> (Error: listen EADDRINUSE: address already in use :::3000)
    at new Promise (<anonymous>) {
  code: 'EADDRINUSE',
  errno: -48,
  syscall: 'listen',
  address: '::',
  port: 3000
}
[?25h
 ⨯ Failed to start server
Error: listen EADDRINUSE: address already in use :::3000
    at <unknown> (Error: listen EADDRINUSE: address already in use :::3000)
    at new Promise (<anonymous>) {
  code: 'EADDRINUSE',
  errno: -48,
  syscall: 'listen',
  address: '::',
  port: 3000
}
[?25h
 ⨯ Failed to start server
Error: listen EADDRINUSE: address already in use :::3000
    at <unknown> (Error: listen EADDRINUSE: address already in use :::3000)
    at new Promise (<anonymous>) {
  code: 'EADDRINUSE',
  errno: -48,
  syscall: 'listen',
  address: '::',
  port: 3000
}
[?25h
 ⨯ Failed to start server
Error: listen EADDRINUSE: address already in use :::3000
    at <unknown> (Error: listen EADDRINUSE: address already in use :::3000)
    at new Promise (<anonymous>) {
  code: 'EADDRINUSE',
  errno: -48,
  syscall: 'listen',
  address: '::',
  port: 3000
}
[?25h
 ⨯ Failed to start server
Error: listen EADDRINUSE: address already in use :::3000
    at <unknown> (Error: listen EADDRINUSE: address already in use :::3000)
    at new Promise (<anonymous>) {
  code: 'EADDRINUSE',
  errno: -48,
  syscall: 'listen',
  address: '::',
  port: 3000
}
[?25h
 ⨯ Failed to start server
Error: listen EADDRINUSE: address already in use :::3000
    at <unknown> (Error: listen EADDRINUSE: address already in use :::3000)
    at new Promise (<anonymous>) {
  code: 'EADDRINUSE',
  errno: -48,
  syscall: 'listen',
  address: '::',
  port: 3000
}
[?25h
 ⨯ Failed to start server
Error: listen EADDRINUSE: address already in use :::3000
    at <unknown> (Error: listen EADDRINUSE: address already in use :::3000)
    at new Promise (<anonymous>) {
  code: 'EADDRINUSE',
  errno: -48,
  syscall: 'listen',
  address: '::',
  port: 3000
}
[?25h
 ⨯ Failed to start server
Error: listen EADDRINUSE: address already in use :::3000
    at <unknown> (Error: listen EADDRINUSE: address already in use :::3000)
    at new Promise (<anonymous>) {
  code: 'EADDRINUSE',
  errno: -48,
  syscall: 'listen',
  address: '::',
  port: 3000
}
[?25h
 ⨯ Failed to start server
Error: listen EADDRINUSE: address already in use :::3000
    at <unknown> (Error: listen EADDRINUSE: address already in use :::3000)
    at new Promise (<anonymous>) {
  code: 'EADDRINUSE',
  errno: -48,
  syscall: 'listen',
  address: '::',
  port: 3000
}
[?25h
 ⨯ Failed to start server
Error: listen EADDRINUSE: address already in use :::3000
    at <unknown> (Error: listen EADDRINUSE: address already in use :::3000)
    at new Promise (<anonymous>) {
  code: 'EADDRINUSE',
  errno: -48,
  syscall: 'listen',
  address: '::',
  port: 3000
}
[?25h
 ⨯ Failed to start server
Error: listen EADDRINUSE: address already in use :::3000
    at <unknown> (Error: listen EADDRINUSE: address already in use :::3000)
    at new Promise (<anonymous>) {
  code: 'EADDRINUSE',
  errno: -48,
  syscall: 'listen',
  address: '::',
  port: 3000
}
[?25h
 ⨯ Failed to start server
Error: listen EADDRINUSE: address already in use :::3000
    at <unknown> (Error: listen EADDRINUSE: address already in use :::3000)
    at new Promise (<anonymous>) {
  code: 'EADDRINUSE',
  errno: -48,
  syscall: 'listen',
  address: '::',
  port: 3000
}
[?25h
 ⨯ Failed to start server
Error: listen EADDRINUSE: address already in use :::3000
    at <unknown> (Error: listen EADDRINUSE: address already in use :::3000)
    at new Promise (<anonymous>) {
  code: 'EADDRINUSE',
  errno: -48,
  syscall: 'listen',
  address: '::',
  port: 3000
}
[?25h
 ⨯ Failed to start server
Error: listen EADDRINUSE: address already in use :::3000
    at <unknown> (Error: listen EADDRINUSE: address already in use :::3000)
    at new Promise (<anonymous>) {
  code: 'EADDRINUSE',
  errno: -48,
  syscall: 'listen',
  address: '::',
  port: 3000
}
[?25h
 ⨯ Failed to start server
Error: listen EADDRINUSE: address already in use :::3000
    at <unknown> (Error: listen EADDRINUSE: address already in use :::3000)
    at new Promise (<anonymous>) {
  code: 'EADDRINUSE',
  errno: -48,
  syscall: 'listen',
  address: '::',
  port: 3000
}
[?25h
 ⨯ Failed to start server
Error: listen EADDRINUSE: address already in use :::3000
    at <unknown> (Error: listen EADDRINUSE: address already in use :::3000)
    at new Promise (<anonymous>) {
  code: 'EADDRINUSE',
  errno: -48,
  syscall: 'listen',
  address: '::',
  port: 3000
}
[?25h
 ⨯ Failed to start server
Error: listen EADDRINUSE: address already in use :::3000
    at <unknown> (Error: listen EADDRINUSE: address already in use :::3000)
    at new Promise (<anonymous>) {
  code: 'EADDRINUSE',
  errno: -48,
  syscall: 'listen',
  address: '::',
  port: 3000
}
[?25h
 ⨯ Failed to start server
Error: listen EADDRINUSE: address already in use :::3000
    at <unknown> (Error: listen EADDRINUSE: address already in use :::3000)
    at new Promise (<anonymous>) {
  code: 'EADDRINUSE',
  errno: -48,
  syscall: 'listen',
  address: '::',
  port: 3000
}
[?25h
 ⨯ Failed to start server
Error: listen EADDRINUSE: address already in use :::3000
    at <unknown> (Error: listen EADDRINUSE: address already in use :::3000)
    at new Promise (<anonymous>) {
  code: 'EADDRINUSE',
  errno: -48,
  syscall: 'listen',
  address: '::',
  port: 3000
}
[?25h
 ⨯ Failed to start server
Error: listen EADDRINUSE: address already in use :::3000
    at <unknown> (Error: listen EADDRINUSE: address already in use :::3000)
    at new Promise (<anonymous>) {
  code: 'EADDRINUSE',
  errno: -48,
  syscall: 'listen',
  address: '::',
  port: 3000
}
[?25h
 ⨯ Failed to start server
Error: listen EADDRINUSE: address already in use :::3000
    at <unknown> (Error: listen EADDRINUSE: address already in use :::3000)
    at new Promise (<anonymous>) {
  code: 'EADDRINUSE',
  errno: -48,
  syscall: 'listen',
  address: '::',
  port: 3000
}
[?25h
 ⨯ Failed to start server
Error: listen EADDRINUSE: address already in use :::3000
    at <unknown> (Error: listen EADDRINUSE: address already in use :::3000)
    at new Promise (<anonymous>) {
  code: 'EADDRINUSE',
  errno: -48,
  syscall: 'listen',
  address: '::',
  port: 3000
}
[?25h
 ⨯ Failed to start server
Error: listen EADDRINUSE: address already in use :::3000
    at <unknown> (Error: listen EADDRINUSE: address already in use :::3000)
    at new Promise (<anonymous>) {
  code: 'EADDRINUSE',
  errno: -48,
  syscall: 'listen',
  address: '::',
  port: 3000
}
[?25h
 ⨯ Failed to start server
Error: listen EADDRINUSE: address already in use :::3000
    at <unknown> (Error: listen EADDRINUSE: address already in use :::3000)
    at new Promise (<anonymous>) {
  code: 'EADDRINUSE',
  errno: -48,
  syscall: 'listen',
  address: '::',
  port: 3000
}
[?25h
 ⨯ Failed to start server
Error: listen EADDRINUSE: address already in use :::3000
    at <unknown> (Error: listen EADDRINUSE: address already in use :::3000)
    at new Promise (<anonymous>) {
  code: 'EADDRINUSE',
  errno: -48,
  syscall: 'listen',
  address: '::',
  port: 3000
}
[?25h
 ⨯ Failed to start server
Error: listen EADDRINUSE: address already in use :::3000
    at <unknown> (Error: listen EADDRINUSE: address already in use :::3000)
    at new Promise (<anonymous>) {
  code: 'EADDRINUSE',
  errno: -48,
  syscall: 'listen',
  address: '::',
  port: 3000
}
[?25h
 ⨯ Failed to start server
Error: listen EADDRINUSE: address already in use :::3000
    at <unknown> (Error: listen EADDRINUSE: address already in use :::3000)
    at new Promise (<anonymous>) {
  code: 'EADDRINUSE',
  errno: -48,
  syscall: 'listen',
  address: '::',
  port: 3000
}
[?25h
 ⨯ Failed to start server
Error: listen EADDRINUSE: address already in use :::3000
    at <unknown> (Error: listen EADDRINUSE: address already in use :::3000)
    at new Promise (<anonymous>) {
  code: 'EADDRINUSE',
  errno: -48,
  syscall: 'listen',
  address: '::',
  port: 3000
}
[?25h
 ⨯ Failed to start server
Error: listen EADDRINUSE: address already in use :::3000
    at <unknown> (Error: listen EADDRINUSE: address already in use :::3000)
    at new Promise (<anonymous>) {
  code: 'EADDRINUSE',
  errno: -48,
  syscall: 'listen',
  address: '::',
  port: 3000
}
[?25h
 ⨯ Failed to start server
Error: listen EADDRINUSE: address already in use :::3000
    at <unknown> (Error: listen EADDRINUSE: address already in use :::3000)
    at new Promise (<anonymous>) {
  code: 'EADDRINUSE',
  errno: -48,
  syscall: 'listen',
  address: '::',
  port: 3000
}
[?25h
 ⨯ Failed to start server
Error: listen EADDRINUSE: address already in use :::3000
    at <unknown> (Error: listen EADDRINUSE: address already in use :::3000)
    at new Promise (<anonymous>) {
  code: 'EADDRINUSE',
  errno: -48,
  syscall: 'listen',
  address: '::',
  port: 3000
}
[?25h
 ⨯ Failed to start server
Error: listen EADDRINUSE: address already in use :::3000
    at <unknown> (Error: listen EADDRINUSE: address already in use :::3000)
    at new Promise (<anonymous>) {
  code: 'EADDRINUSE',
  errno: -48,
  syscall: 'listen',
  address: '::',
  port: 3000
}
[?25h
 ⨯ Failed to start server
Error: listen EADDRINUSE: address already in use :::3000
    at <unknown> (Error: listen EADDRINUSE: address already in use :::3000)
    at new Promise (<anonymous>) {
  code: 'EADDRINUSE',
  errno: -48,
  syscall: 'listen',
  address: '::',
  port: 3000
}
[?25h
 ⨯ Failed to start server
Error: listen EADDRINUSE: address already in use :::3000
    at <unknown> (Error: listen EADDRINUSE: address already in use :::3000)
    at new Promise (<anonymous>) {
  code: 'EADDRINUSE',
  errno: -48,
  syscall: 'listen',
  address: '::',
  port: 3000
}
[?25h
 ⨯ Failed to start server
Error: listen EADDRINUSE: address already in use :::3000
    at <unknown> (Error: listen EADDRINUSE: address already in use :::3000)
    at new Promise (<anonymous>) {
  code: 'EADDRINUSE',
  errno: -48,
  syscall: 'listen',
  address: '::',
  port: 3000
}
[?25h
 ⨯ Failed to start server
Error: listen EADDRINUSE: address already in use :::3000
    at <unknown> (Error: listen EADDRINUSE: address already in use :::3000)
    at new Promise (<anonymous>) {
  code: 'EADDRINUSE',
  errno: -48,
  syscall: 'listen',
  address: '::',
  port: 3000
}
[?25h
 ⨯ Failed to start server
Error: listen EADDRINUSE: address already in use :::3000
    at <unknown> (Error: listen EADDRINUSE: address already in use :::3000)
    at new Promise (<anonymous>) {
  code: 'EADDRINUSE',
  errno: -48,
  syscall: 'listen',
  address: '::',
  port: 3000
}
[?25h
 ⨯ Failed to start server
Error: listen EADDRINUSE: address already in use :::3000
    at <unknown> (Error: listen EADDRINUSE: address already in use :::3000)
    at new Promise (<anonymous>) {
  code: 'EADDRINUSE',
  errno: -48,
  syscall: 'listen',
  address: '::',
  port: 3000
}
[?25h
 ⨯ Failed to start server
Error: listen EADDRINUSE: address already in use :::3000
    at <unknown> (Error: listen EADDRINUSE: address already in use :::3000)
    at new Promise (<anonymous>) {
  code: 'EADDRINUSE',
  errno: -48,
  syscall: 'listen',
  address: '::',
  port: 3000
}
[?25h
 ⨯ Failed to start server
Error: listen EADDRINUSE: address already in use :::3000
    at <unknown> (Error: listen EADDRINUSE: address already in use :::3000)
    at new Promise (<anonymous>) {
  code: 'EADDRINUSE',
  errno: -48,
  syscall: 'listen',
  address: '::',
  port: 3000
}
[?25h
 ⨯ Failed to start server
Error: listen EADDRINUSE: address already in use :::3000
    at <unknown> (Error: listen EADDRINUSE: address already in use :::3000)
    at new Promise (<anonymous>) {
  code: 'EADDRINUSE',
  errno: -48,
  syscall: 'listen',
  address: '::',
  port: 3000
}
[?25h
 ⨯ Failed to start server
Error: listen EADDRINUSE: address already in use :::3000
    at <unknown> (Error: listen EADDRINUSE: address already in use :::3000)
    at new Promise (<anonymous>) {
  code: 'EADDRINUSE',
  errno: -48,
  syscall: 'listen',
  address: '::',
  port: 3000
}
[?25h
 ⨯ Failed to start server
Error: listen EADDRINUSE: address already in use :::3000
    at <unknown> (Error: listen EADDRINUSE: address already in use :::3000)
    at new Promise (<anonymous>) {
  code: 'EADDRINUSE',
  errno: -48,
  syscall: 'listen',
  address: '::',
  port: 3000
}
[?25h
 ⨯ Failed to start server
Error: listen EADDRINUSE: address already in use :::3000
    at <unknown> (Error: listen EADDRINUSE: address already in use :::3000)
    at new Promise (<anonymous>) {
  code: 'EADDRINUSE',
  errno: -48,
  syscall: 'listen',
  address: '::',
  port: 3000
}
[?25h
 ⨯ Failed to start server
Error: listen EADDRINUSE: address already in use :::3000
    at <unknown> (Error: listen EADDRINUSE: address already in use :::3000)
    at new Promise (<anonymous>) {
  code: 'EADDRINUSE',
  errno: -48,
  syscall: 'listen',
  address: '::',
  port: 3000
}
[?25h
 ⨯ Failed to start server
Error: listen EADDRINUSE: address already in use :::3000
    at <unknown> (Error: listen EADDRINUSE: address already in use :::3000)
    at new Promise (<anonymous>) {
  code: 'EADDRINUSE',
  errno: -48,
  syscall: 'listen',
  address: '::',
  port: 3000
}
[?25h
 ⨯ Failed to start server
Error: listen EADDRINUSE: address already in use :::3000
    at <unknown> (Error: listen EADDRINUSE: address already in use :::3000)
    at new Promise (<anonymous>) {
  code: 'EADDRINUSE',
  errno: -48,
  syscall: 'listen',
  address: '::',
  port: 3000
}
[?25h
 ⨯ Failed to start server
Error: listen EADDRINUSE: address already in use :::3000
    at <unknown> (Error: listen EADDRINUSE: address already in use :::3000)
    at new Promise (<anonymous>) {
  code: 'EADDRINUSE',
  errno: -48,
  syscall: 'listen',
  address: '::',
  port: 3000
}
[?25h
 ⨯ Failed to start server
Error: listen EADDRINUSE: address already in use :::3000
    at <unknown> (Error: listen EADDRINUSE: address already in use :::3000)
    at new Promise (<anonymous>) {
  code: 'EADDRINUSE',
  errno: -48,
  syscall: 'listen',
  address: '::',
  port: 3000
}
[?25h
 ⨯ Failed to start server
Error: listen EADDRINUSE: address already in use :::3000
    at <unknown> (Error: listen EADDRINUSE: address already in use :::3000)
    at new Promise (<anonymous>) {
  code: 'EADDRINUSE',
  errno: -48,
  syscall: 'listen',
  address: '::',
  port: 3000
}
[?25h
 ⨯ Failed to start server
Error: listen EADDRINUSE: address already in use :::3000
    at <unknown> (Error: listen EADDRINUSE: address already in use :::3000)
    at new Promise (<anonymous>) {
  code: 'EADDRINUSE',
  errno: -48,
  syscall: 'listen',
  address: '::',
  port: 3000
}
[?25h
 ⨯ Failed to start server
Error: listen EADDRINUSE: address already in use :::3000
    at <unknown> (Error: listen EADDRINUSE: address already in use :::3000)
    at new Promise (<anonymous>) {
  code: 'EADDRINUSE',
  errno: -48,
  syscall: 'listen',
  address: '::',
  port: 3000
}
[?25h
 ⨯ Failed to start server
Error: listen EADDRINUSE: address already in use :::3000
    at <unknown> (Error: listen EADDRINUSE: address already in use :::3000)
    at new Promise (<anonymous>) {
  code: 'EADDRINUSE',
  errno: -48,
  syscall: 'listen',
  address: '::',
  port: 3000
}
[?25h
 ⨯ Failed to start server
Error: listen EADDRINUSE: address already in use :::3000
    at <unknown> (Error: listen EADDRINUSE: address already in use :::3000)
    at new Promise (<anonymous>) {
  code: 'EADDRINUSE',
  errno: -48,
  syscall: 'listen',
  address: '::',
  port: 3000
}
[?25h
 ⨯ Failed to start server
Error: listen EADDRINUSE: address already in use :::3000
    at <unknown> (Error: listen EADDRINUSE: address already in use :::3000)
    at new Promise (<anonymous>) {
  code: 'EADDRINUSE',
  errno: -48,
  syscall: 'listen',
  address: '::',
  port: 3000
}
[?25h
 ⨯ Failed to start server
Error: listen EADDRINUSE: address already in use :::3000
    at <unknown> (Error: listen EADDRINUSE: address already in use :::3000)
    at new Promise (<anonymous>) {
  code: 'EADDRINUSE',
  errno: -48,
  syscall: 'listen',
  address: '::',
  port: 3000
}
[?25h
 ⨯ Failed to start server
Error: listen EADDRINUSE: address already in use :::3000
    at <unknown> (Error: listen EADDRINUSE: address already in use :::3000)
    at new Promise (<anonymous>) {
  code: 'EADDRINUSE',
  errno: -48,
  syscall: 'listen',
  address: '::',
  port: 3000
}
[?25h
 ⨯ Failed to start server
Error: listen EADDRINUSE: address already in use :::3000
    at <unknown> (Error: listen EADDRINUSE: address already in use :::3000)
    at new Promise (<anonymous>) {
  code: 'EADDRINUSE',
  errno: -48,
  syscall: 'listen',
  address: '::',
  port: 3000
}
[?25h
 ⨯ Failed to start server
Error: listen EADDRINUSE: address already in use :::3000
    at <unknown> (Error: listen EADDRINUSE: address already in use :::3000)
    at new Promise (<anonymous>) {
  code: 'EADDRINUSE',
  errno: -48,
  syscall: 'listen',
  address: '::',
  port: 3000
}
[?25h
 ⨯ Failed to start server
Error: listen EADDRINUSE: address already in use :::3000
    at <unknown> (Error: listen EADDRINUSE: address already in use :::3000)
    at new Promise (<anonymous>) {
  code: 'EADDRINUSE',
  errno: -48,
  syscall: 'listen',
  address: '::',
  port: 3000
}
[?25h
 ⨯ Failed to start server
Error: listen EADDRINUSE: address already in use :::3000
    at <unknown> (Error: listen EADDRINUSE: address already in use :::3000)
    at new Promise (<anonymous>) {
  code: 'EADDRINUSE',
  errno: -48,
  syscall: 'listen',
  address: '::',
  port: 3000
}
[?25h
 ⨯ Failed to start server
Error: listen EADDRINUSE: address already in use :::3000
    at <unknown> (Error: listen EADDRINUSE: address already in use :::3000)
    at new Promise (<anonymous>) {
  code: 'EADDRINUSE',
  errno: -48,
  syscall: 'listen',
  address: '::',
  port: 3000
}
[?25h
 ⨯ Failed to start server
Error: listen EADDRINUSE: address already in use :::3000
    at <unknown> (Error: listen EADDRINUSE: address already in use :::3000)
    at new Promise (<anonymous>) {
  code: 'EADDRINUSE',
  errno: -48,
  syscall: 'listen',
  address: '::',
  port: 3000
}
[?25h
 ⨯ Failed to start server
Error: listen EADDRINUSE: address already in use :::3000
    at <unknown> (Error: listen EADDRINUSE: address already in use :::3000)
    at new Promise (<anonymous>) {
  code: 'EADDRINUSE',
  errno: -48,
  syscall: 'listen',
  address: '::',
  port: 3000
}
[?25h
 ⨯ Failed to start server
Error: listen EADDRINUSE: address already in use :::3000
    at <unknown> (Error: listen EADDRINUSE: address already in use :::3000)
    at new Promise (<anonymous>) {
  code: 'EADDRINUSE',
  errno: -48,
  syscall: 'listen',
  address: '::',
  port: 3000
}
[?25h
 ⨯ Failed to start server
Error: listen EADDRINUSE: address already in use :::3000
    at <unknown> (Error: listen EADDRINUSE: address already in use :::3000)
    at new Promise (<anonymous>) {
  code: 'EADDRINUSE',
  errno: -48,
  syscall: 'listen',
  address: '::',
  port: 3000
}
[?25h
 ⨯ Failed to start server
Error: listen EADDRINUSE: address already in use :::3000
    at <unknown> (Error: listen EADDRINUSE: address already in use :::3000)
    at new Promise (<anonymous>) {
  code: 'EADDRINUSE',
  errno: -48,
  syscall: 'listen',
  address: '::',
  port: 3000
}
[?25h
 ⨯ Failed to start server
Error: listen EADDRINUSE: address already in use :::3000
    at <unknown> (Error: listen EADDRINUSE: address already in use :::3000)
    at new Promise (<anonymous>) {
  code: 'EADDRINUSE',
  errno: -48,
  syscall: 'listen',
  address: '::',
  port: 3000
}
[?25h
 ⨯ Failed to start server
Error: listen EADDRINUSE: address already in use :::3000
    at <unknown> (Error: listen EADDRINUSE: address already in use :::3000)
    at new Promise (<anonymous>) {
  code: 'EADDRINUSE',
  errno: -48,
  syscall: 'listen',
  address: '::',
  port: 3000
}
[?25h
 ⨯ Failed to start server
Error: listen EADDRINUSE: address already in use :::3000
    at <unknown> (Error: listen EADDRINUSE: address already in use :::3000)
    at new Promise (<anonymous>) {
  code: 'EADDRINUSE',
  errno: -48,
  syscall: 'listen',
  address: '::',
  port: 3000
}
[?25h
 ⨯ Failed to start server
Error: listen EADDRINUSE: address already in use :::3000
    at <unknown> (Error: listen EADDRINUSE: address already in use :::3000)
    at new Promise (<anonymous>) {
  code: 'EADDRINUSE',
  errno: -48,
  syscall: 'listen',
  address: '::',
  port: 3000
}
[?25h
 ⨯ Failed to start server
Error: listen EADDRINUSE: address already in use :::3000
    at <unknown> (Error: listen EADDRINUSE: address already in use :::3000)
    at new Promise (<anonymous>) {
  code: 'EADDRINUSE',
  errno: -48,
  syscall: 'listen',
  address: '::',
  port: 3000
}
[?25h
 ⨯ Failed to start server
Error: listen EADDRINUSE: address already in use :::3000
    at <unknown> (Error: listen EADDRINUSE: address already in use :::3000)
    at new Promise (<anonymous>) {
  code: 'EADDRINUSE',
  errno: -48,
  syscall: 'listen',
  address: '::',
  port: 3000
}
[?25h
 ⨯ Failed to start server
Error: listen EADDRINUSE: address already in use :::3000
    at <unknown> (Error: listen EADDRINUSE: address already in use :::3000)
    at new Promise (<anonymous>) {
  code: 'EADDRINUSE',
  errno: -48,
  syscall: 'listen',
  address: '::',
  port: 3000
}
[?25h
 ⨯ Failed to start server
Error: listen EADDRINUSE: address already in use :::3000
    at <unknown> (Error: listen EADDRINUSE: address already in use :::3000)
    at new Promise (<anonymous>) {
  code: 'EADDRINUSE',
  errno: -48,
  syscall: 'listen',
  address: '::',
  port: 3000
}
[?25h
 ⨯ Failed to start server
Error: listen EADDRINUSE: address already in use :::3000
    at <unknown> (Error: listen EADDRINUSE: address already in use :::3000)
    at new Promise (<anonymous>) {
  code: 'EADDRINUSE',
  errno: -48,
  syscall: 'listen',
  address: '::',
  port: 3000
}
[?25h
 ⨯ Failed to start server
Error: listen EADDRINUSE: address already in use :::3000
    at <unknown> (Error: listen EADDRINUSE: address already in use :::3000)
    at new Promise (<anonymous>) {
  code: 'EADDRINUSE',
  errno: -48,
  syscall: 'listen',
  address: '::',
  port: 3000
}
[?25h
 ⨯ Failed to start server
Error: listen EADDRINUSE: address already in use :::3000
    at <unknown> (Error: listen EADDRINUSE: address already in use :::3000)
    at new Promise (<anonymous>) {
  code: 'EADDRINUSE',
  errno: -48,
  syscall: 'listen',
  address: '::',
  port: 3000
}
[?25h
 ⨯ Failed to start server
Error: listen EADDRINUSE: address already in use :::3000
    at <unknown> (Error: listen EADDRINUSE: address already in use :::3000)
    at new Promise (<anonymous>) {
  code: 'EADDRINUSE',
  errno: -48,
  syscall: 'listen',
  address: '::',
  port: 3000
}
[?25h
 ⨯ Failed to start server
Error: listen EADDRINUSE: address already in use :::3000
    at <unknown> (Error: listen EADDRINUSE: address already in use :::3000)
    at new Promise (<anonymous>) {
  code: 'EADDRINUSE',
  errno: -48,
  syscall: 'listen',
  address: '::',
  port: 3000
}
[?25h
 ⨯ Failed to start server
Error: listen EADDRINUSE: address already in use :::3000
    at <unknown> (Error: listen EADDRINUSE: address already in use :::3000)
    at new Promise (<anonymous>) {
  code: 'EADDRINUSE',
  errno: -48,
  syscall: 'listen',
  address: '::',
  port: 3000
}
[?25h
 ⨯ Failed to start server
Error: listen EADDRINUSE: address already in use :::3000
    at <unknown> (Error: listen EADDRINUSE: address already in use :::3000)
    at new Promise (<anonymous>) {
  code: 'EADDRINUSE',
  errno: -48,
  syscall: 'listen',
  address: '::',
  port: 3000
}
[?25h
 ⨯ Failed to start server
Error: listen EADDRINUSE: address already in use :::3000
    at <unknown> (Error: listen EADDRINUSE: address already in use :::3000)
    at new Promise (<anonymous>) {
  code: 'EADDRINUSE',
  errno: -48,
  syscall: 'listen',
  address: '::',
  port: 3000
}
[?25h
 ⨯ Failed to start server
Error: listen EADDRINUSE: address already in use :::3000
    at <unknown> (Error: listen EADDRINUSE: address already in use :::3000)
    at new Promise (<anonymous>) {
  code: 'EADDRINUSE',
  errno: -48,
  syscall: 'listen',
  address: '::',
  port: 3000
}
[?25h
 ⨯ Failed to start server
Error: listen EADDRINUSE: address already in use :::3000
    at <unknown> (Error: listen EADDRINUSE: address already in use :::3000)
    at new Promise (<anonymous>) {
  code: 'EADDRINUSE',
  errno: -48,
  syscall: 'listen',
  address: '::',
  port: 3000
}
[?25h
 ⨯ Failed to start server
Error: listen EADDRINUSE: address already in use :::3000
    at <unknown> (Error: listen EADDRINUSE: address already in use :::3000)
    at new Promise (<anonymous>) {
  code: 'EADDRINUSE',
  errno: -48,
  syscall: 'listen',
  address: '::',
  port: 3000
}
[?25h
 ⨯ Failed to start server
Error: listen EADDRINUSE: address already in use :::3000
    at <unknown> (Error: listen EADDRINUSE: address already in use :::3000)
    at new Promise (<anonymous>) {
  code: 'EADDRINUSE',
  errno: -48,
  syscall: 'listen',
  address: '::',
  port: 3000
}
[?25h
 ⨯ Failed to start server
Error: listen EADDRINUSE: address already in use :::3000
    at <unknown> (Error: listen EADDRINUSE: address already in use :::3000)
    at new Promise (<anonymous>) {
  code: 'EADDRINUSE',
  errno: -48,
  syscall: 'listen',
  address: '::',
  port: 3000
}
[?25h
 ⨯ Failed to start server
Error: listen EADDRINUSE: address already in use :::3000
    at <unknown> (Error: listen EADDRINUSE: address already in use :::3000)
    at new Promise (<anonymous>) {
  code: 'EADDRINUSE',
  errno: -48,
  syscall: 'listen',
  address: '::',
  port: 3000
}
[?25h
 ⨯ Failed to start server
Error: listen EADDRINUSE: address already in use :::3000
    at <unknown> (Error: listen EADDRINUSE: address already in use :::3000)
    at new Promise (<anonymous>) {
  code: 'EADDRINUSE',
  errno: -48,
  syscall: 'listen',
  address: '::',
  port: 3000
}
[?25h
 ⨯ Failed to start server
Error: listen EADDRINUSE: address already in use :::3000
    at <unknown> (Error: listen EADDRINUSE: address already in use :::3000)
    at new Promise (<anonymous>) {
  code: 'EADDRINUSE',
  errno: -48,
  syscall: 'listen',
  address: '::',
  port: 3000
}
[?25h
 ⨯ Failed to start server
Error: listen EADDRINUSE: address already in use :::3000
    at <unknown> (Error: listen EADDRINUSE: address already in use :::3000)
    at new Promise (<anonymous>) {
  code: 'EADDRINUSE',
  errno: -48,
  syscall: 'listen',
  address: '::',
  port: 3000
}
[?25h
 ⨯ Failed to start server
Error: listen EADDRINUSE: address already in use :::3000
    at <unknown> (Error: listen EADDRINUSE: address already in use :::3000)
    at new Promise (<anonymous>) {
  code: 'EADDRINUSE',
  errno: -48,
  syscall: 'listen',
  address: '::',
  port: 3000
}
[?25h
 ⨯ Failed to start server
Error: listen EADDRINUSE: address already in use :::3000
    at <unknown> (Error: listen EADDRINUSE: address already in use :::3000)
    at new Promise (<anonymous>) {
  code: 'EADDRINUSE',
  errno: -48,
  syscall: 'listen',
  address: '::',
  port: 3000
}
[?25h
 ⨯ Failed to start server
Error: listen EADDRINUSE: address already in use :::3000
    at <unknown> (Error: listen EADDRINUSE: address already in use :::3000)
    at new Promise (<anonymous>) {
  code: 'EADDRINUSE',
  errno: -48,
  syscall: 'listen',
  address: '::',
  port: 3000
}
[?25h
 ⨯ Failed to start server
Error: listen EADDRINUSE: address already in use :::3000
    at <unknown> (Error: listen EADDRINUSE: address already in use :::3000)
    at new Promise (<anonymous>) {
  code: 'EADDRINUSE',
  errno: -48,
  syscall: 'listen',
  address: '::',
  port: 3000
}
[?25h
 ⨯ Failed to start server
Error: listen EADDRINUSE: address already in use :::3000
    at <unknown> (Error: listen EADDRINUSE: address already in use :::3000)
    at new Promise (<anonymous>) {
  code: 'EADDRINUSE',
  errno: -48,
  syscall: 'listen',
  address: '::',
  port: 3000
}
[?25h
 ⨯ Failed to start server
Error: listen EADDRINUSE: address already in use :::3000
    at <unknown> (Error: listen EADDRINUSE: address already in use :::3000)
    at new Promise (<anonymous>) {
  code: 'EADDRINUSE',
  errno: -48,
  syscall: 'listen',
  address: '::',
  port: 3000
}
[?25h
 ⨯ Failed to start server
Error: listen EADDRINUSE: address already in use :::3000
    at <unknown> (Error: listen EADDRINUSE: address already in use :::3000)
    at new Promise (<anonymous>) {
  code: 'EADDRINUSE',
  errno: -48,
  syscall: 'listen',
  address: '::',
  port: 3000
}
[?25h
 ⨯ Failed to start server
Error: listen EADDRINUSE: address already in use :::3000
    at <unknown> (Error: listen EADDRINUSE: address already in use :::3000)
    at new Promise (<anonymous>) {
  code: 'EADDRINUSE',
  errno: -48,
  syscall: 'listen',
  address: '::',
  port: 3000
}
[?25h
 ⨯ Failed to start server
Error: listen EADDRINUSE: address already in use :::3000
    at <unknown> (Error: listen EADDRINUSE: address already in use :::3000)
    at new Promise (<anonymous>) {
  code: 'EADDRINUSE',
  errno: -48,
  syscall: 'listen',
  address: '::',
  port: 3000
}
[?25h
 ⨯ Failed to start server
Error: listen EADDRINUSE: address already in use :::3000
    at <unknown> (Error: listen EADDRINUSE: address already in use :::3000)
    at new Promise (<anonymous>) {
  code: 'EADDRINUSE',
  errno: -48,
  syscall: 'listen',
  address: '::',
  port: 3000
}
[?25h
 ⨯ Failed to start server
Error: listen EADDRINUSE: address already in use :::3000
    at <unknown> (Error: listen EADDRINUSE: address already in use :::3000)
    at new Promise (<anonymous>) {
  code: 'EADDRINUSE',
  errno: -48,
  syscall: 'listen',
  address: '::',
  port: 3000
}
[?25h
 ⨯ Failed to start server
Error: listen EADDRINUSE: address already in use :::3000
    at <unknown> (Error: listen EADDRINUSE: address already in use :::3000)
    at new Promise (<anonymous>) {
  code: 'EADDRINUSE',
  errno: -48,
  syscall: 'listen',
  address: '::',
  port: 3000
}
[?25h
 ⨯ Failed to start server
Error: listen EADDRINUSE: address already in use :::3000
    at <unknown> (Error: listen EADDRINUSE: address already in use :::3000)
    at new Promise (<anonymous>) {
  code: 'EADDRINUSE',
  errno: -48,
  syscall: 'listen',
  address: '::',
  port: 3000
}
[?25h
 ⨯ Failed to start server
Error: listen EADDRINUSE: address already in use :::3000
    at <unknown> (Error: listen EADDRINUSE: address already in use :::3000)
    at new Promise (<anonymous>) {
  code: 'EADDRINUSE',
  errno: -48,
  syscall: 'listen',
  address: '::',
  port: 3000
}
[?25h
 ⨯ Failed to start server
Error: listen EADDRINUSE: address already in use :::3000
    at <unknown> (Error: listen EADDRINUSE: address already in use :::3000)
    at new Promise (<anonymous>) {
  code: 'EADDRINUSE',
  errno: -48,
  syscall: 'listen',
  address: '::',
  port: 3000
}
[?25h
 ⨯ Failed to start server
Error: listen EADDRINUSE: address already in use :::3000
    at <unknown> (Error: listen EADDRINUSE: address already in use :::3000)
    at new Promise (<anonymous>) {
  code: 'EADDRINUSE',
  errno: -48,
  syscall: 'listen',
  address: '::',
  port: 3000
}
[?25h
 ⨯ Failed to start server
Error: listen EADDRINUSE: address already in use :::3000
    at <unknown> (Error: listen EADDRINUSE: address already in use :::3000)
    at new Promise (<anonymous>) {
  code: 'EADDRINUSE',
  errno: -48,
  syscall: 'listen',
  address: '::',
  port: 3000
}
[?25h
 ⨯ Failed to start server
Error: listen EADDRINUSE: address already in use :::3000
    at <unknown> (Error: listen EADDRINUSE: address already in use :::3000)
    at new Promise (<anonymous>) {
  code: 'EADDRINUSE',
  errno: -48,
  syscall: 'listen',
  address: '::',
  port: 3000
}
[?25h
 ⨯ Failed to start server
Error: listen EADDRINUSE: address already in use :::3000
    at <unknown> (Error: listen EADDRINUSE: address already in use :::3000)
    at new Promise (<anonymous>) {
  code: 'EADDRINUSE',
  errno: -48,
  syscall: 'listen',
  address: '::',
  port: 3000
}
[?25h
 ⨯ Failed to start server
Error: listen EADDRINUSE: address already in use :::3000
    at <unknown> (Error: listen EADDRINUSE: address already in use :::3000)
    at new Promise (<anonymous>) {
  code: 'EADDRINUSE',
  errno: -48,
  syscall: 'listen',
  address: '::',
  port: 3000
}
[?25h
 ⨯ Failed to start server
Error: listen EADDRINUSE: address already in use :::3000
    at <unknown> (Error: listen EADDRINUSE: address already in use :::3000)
    at new Promise (<anonymous>) {
  code: 'EADDRINUSE',
  errno: -48,
  syscall: 'listen',
  address: '::',
  port: 3000
}
[?25h
 ⨯ Failed to start server
Error: listen EADDRINUSE: address already in use :::3000
    at <unknown> (Error: listen EADDRINUSE: address already in use :::3000)
    at new Promise (<anonymous>) {
  code: 'EADDRINUSE',
  errno: -48,
  syscall: 'listen',
  address: '::',
  port: 3000
}
[?25h
 ⨯ Failed to start server
Error: listen EADDRINUSE: address already in use :::3000
    at <unknown> (Error: listen EADDRINUSE: address already in use :::3000)
    at new Promise (<anonymous>) {
  code: 'EADDRINUSE',
  errno: -48,
  syscall: 'listen',
  address: '::',
  port: 3000
}
[?25h
 ⨯ Failed to start server
Error: listen EADDRINUSE: address already in use :::3000
    at <unknown> (Error: listen EADDRINUSE: address already in use :::3000)
    at new Promise (<anonymous>) {
  code: 'EADDRINUSE',
  errno: -48,
  syscall: 'listen',
  address: '::',
  port: 3000
}
[?25h
 ⨯ Failed to start server
Error: listen EADDRINUSE: address already in use :::3000
    at <unknown> (Error: listen EADDRINUSE: address already in use :::3000)
    at new Promise (<anonymous>) {
  code: 'EADDRINUSE',
  errno: -48,
  syscall: 'listen',
  address: '::',
  port: 3000
}
[?25h
 ⨯ Failed to start server
Error: listen EADDRINUSE: address already in use :::3000
    at <unknown> (Error: listen EADDRINUSE: address already in use :::3000)
    at new Promise (<anonymous>) {
  code: 'EADDRINUSE',
  errno: -48,
  syscall: 'listen',
  address: '::',
  port: 3000
}
[?25h
 ⨯ Failed to start server
Error: listen EADDRINUSE: address already in use :::3000
    at <unknown> (Error: listen EADDRINUSE: address already in use :::3000)
    at new Promise (<anonymous>) {
  code: 'EADDRINUSE',
  errno: -48,
  syscall: 'listen',
  address: '::',
  port: 3000
}
[?25h
 ⨯ Failed to start server
Error: listen EADDRINUSE: address already in use :::3000
    at <unknown> (Error: listen EADDRINUSE: address already in use :::3000)
    at new Promise (<anonymous>) {
  code: 'EADDRINUSE',
  errno: -48,
  syscall: 'listen',
  address: '::',
  port: 3000
}
[?25h
 ⨯ Failed to start server
Error: listen EADDRINUSE: address already in use :::3000
    at <unknown> (Error: listen EADDRINUSE: address already in use :::3000)
    at new Promise (<anonymous>) {
  code: 'EADDRINUSE',
  errno: -48,
  syscall: 'listen',
  address: '::',
  port: 3000
}
[?25h
 ⨯ Failed to start server
Error: listen EADDRINUSE: address already in use :::3000
    at <unknown> (Error: listen EADDRINUSE: address already in use :::3000)
    at new Promise (<anonymous>) {
  code: 'EADDRINUSE',
  errno: -48,
  syscall: 'listen',
  address: '::',
  port: 3000
}
[?25h
 ⨯ Failed to start server
Error: listen EADDRINUSE: address already in use :::3000
    at <unknown> (Error: listen EADDRINUSE: address already in use :::3000)
    at new Promise (<anonymous>) {
  code: 'EADDRINUSE',
  errno: -48,
  syscall: 'listen',
  address: '::',
  port: 3000
}
[?25h
   ▲ Next.js 15.5.25
   - Local:        http://localhost:3000
   - Network:      http://192.168.1.9:3000
   - Environments: .env

 ✓ Starting...
 ✓ Ready in 2s
   ▲ Next.js 15.5.25
   - Local:        http://localhost:3000
   - Network:      http://192.168.1.9:3000
   - Environments: .env

 ✓ Starting...
 ✓ Ready in 1744ms
 ✓ Compiled /middleware in 204ms (172 modules)
 ○ Compiling /daftar ...
 ✓ Compiled /daftar in 608ms (731 modules)
 GET /daftar 200 in 913ms
   ▲ Next.js 15.5.25
   - Local:        http://localhost:3000
   - Network:      http://192.168.1.9:3000
   - Environments: .env

 ✓ Starting...
 ✓ Ready in 1748ms
 ✓ Compiled /middleware in 196ms (172 modules)
 ○ Compiling / ...
 ✓ Compiled / in 539ms (646 modules)
 HEAD / 200 in 806ms
   ▲ Next.js 15.5.25
   - Local:        http://localhost:3000
   - Network:      http://192.168.1.9:3000
   - Environments: .env

 ✓ Starting...
 ✓ Ready in 1942ms
   ▲ Next.js 15.5.25
   - Local:        http://localhost:3000
   - Network:      http://192.168.1.9:3000
   - Environments: .env

 ✓ Starting...
 ✓ Ready in 2.4s
   ▲ Next.js 15.5.25
   - Local:        http://localhost:3000
   - Network:      http://192.168.1.9:3000
   - Environments: .env

 ✓ Starting...
 ✓ Ready in 1620ms
 ✓ Compiled /middleware in 212ms (172 modules)
 ○ Compiling / ...
 ✓ Compiled / in 513ms (646 modules)
 GET / 200 in 805ms
 ✓ Compiled /login in 382ms (775 modules)
 GET /login 200 in 523ms
 ○ Compiling /auth/callback ...
 ✓ Compiled /auth/callback in 541ms (857 modules)
 GET /auth/callback?code=47424566-e064-4c7c-becf-6075217238cc 307 in 2258ms
 ✓ Compiled /guru in 366ms (880 modules)
 GET /guru 200 in 1190ms
 ✓ Compiled /guru/latihan in 277ms (888 modules)
 GET /guru/latihan 200 in 364ms
 ✓ Compiled /guru/soal in 426ms (878 modules)
 GET /guru/soal 200 in 577ms
 GET /guru/soal?ex=2676e658-3330-4052-9fab-d5c3287bc3fc 200 in 62ms
 GET /guru/latihan 200 in 61ms
 GET /guru/soal 200 in 49ms
 GET /guru/soal?ex=2676e658-3330-4052-9fab-d5c3287bc3fc 200 in 49ms
 GET /guru 200 in 432ms
 ✓ Compiled /guru/kelas in 434ms (886 modules)
 GET /guru/kelas 200 in 548ms
 GET /guru/latihan 200 in 64ms
 GET /guru/soal 200 in 64ms
 GET /guru/latihan 200 in 43ms
 GET /guru/kelas 200 in 39ms
 GET /guru 200 in 427ms
 GET /guru 200 in 416ms
 ✓ Compiled in 2.1s (876 modules)
 GET /guru 200 in 492ms
 GET /guru/latihan 200 in 121ms
 GET /guru/soal 200 in 73ms
 GET /guru/soal?ex=2676e658-3330-4052-9fab-d5c3287bc3fc 200 in 34ms
 GET /login 200 in 331ms
 ✓ Compiled /auth/callback in 291ms (556 modules)
 GET /auth/callback?code=ebb754cb-a2bf-483b-aa02-de7f0a374fd3 307 in 1517ms
 ✓ Compiled /dashboard in 396ms (912 modules)
 GET /dashboard 200 in 1305ms
 ✓ Compiled /materi in 463ms (920 modules)
 GET /materi 200 in 684ms
 ✓ Compiled /budaya in 292ms (922 modules)
 GET /budaya 200 in 509ms
 GET /dashboard 200 in 597ms
 ✓ Compiled /pengaturan in 259ms (930 modules)
 GET /pengaturan 200 in 329ms
 GET /dashboard 200 in 543ms
 GET /budaya 200 in 211ms
 GET /materi 200 in 170ms
 GET /budaya 200 in 148ms
 ✓ Compiled /laporan in 291ms (925 modules)
 GET /pengaturan 200 in 25ms
 GET /laporan 200 in 832ms
 GET /dashboard 200 in 363ms
 GET /materi 200 in 161ms
 GET /login 200 in 284ms
 GET /auth/callback?code=ed2a0d45-6776-495f-b455-fee7c1582b41 307 in 1078ms
 ✓ Compiled /guru in 230ms (592 modules)
 GET /guru 200 in 761ms
 GET /guru/kelas 200 in 61ms
 ○ Compiling /guru/progres ...
 ✓ Compiled /guru/progres in 545ms (898 modules)
 GET /guru/progres 200 in 755ms
 GET /guru/kelas 200 in 55ms
 ✓ Compiled /guru/latihan in 153ms (572 modules)
 GET /guru/latihan 200 in 235ms
 GET /guru/kelas 200 in 54ms
 GET /guru/kelas 200 in 795ms
 GET /guru/kelas 200 in 459ms
 GET /guru/kelas 200 in 450ms
 GET /guru/kelas 200 in 565ms
 GET /guru/latihan 200 in 59ms
 ✓ Compiled /login in 294ms (550 modules)
 GET /login 200 in 628ms
 ✓ Compiled /auth/callback in 198ms (568 modules)
 GET /auth/callback?code=5d3cc563-bba8-4108-aca0-262524ceeac6 307 in 1402ms
 ✓ Compiled /dashboard in 159ms (592 modules)
 GET /dashboard 200 in 1240ms
 ○ Compiling /latihan ...
 ✓ Compiled /latihan in 715ms (932 modules)
 GET /latihan 200 in 1590ms
 ✓ Compiled /budaya in 259ms (600 modules)
 GET /budaya 200 in 508ms
 ✓ Compiled /materi in 168ms (606 modules)
 GET /materi 200 in 407ms
 GET /latihan 200 in 1142ms
 ✓ Compiled /latihan/[id] in 491ms (940 modules)
 GET /latihan/2676e658-3330-4052-9fab-d5c3287bc3fc 200 in 1125ms
 GET /latihan 200 in 807ms
 GET /login 200 in 182ms
 GET /auth/callback?code=dbf77552-0697-451a-9802-14d29e881751 307 in 890ms
 ✓ Compiled /guru in 197ms (600 modules)
 GET /guru 200 in 748ms
 ✓ Compiled /guru/soal in 417ms (600 modules)
 GET /guru/soal 200 in 503ms
 GET /guru/soal?ex=2676e658-3330-4052-9fab-d5c3287bc3fc 200 in 50ms
 GET /guru/latihan 200 in 286ms
 ○ Compiling /guru/progres ...
 ✓ Compiled /guru/progres in 895ms (548 modules)
 GET /guru/progres 200 in 1259ms
 GET /guru/progres 200 in 15ms
 GET /guru/progres 200 in 1788ms
 ○ Compiling /guru/materi ...
 ✓ Compiled /guru/materi in 969ms (886 modules)
 GET /guru/materi 200 in 1106ms
 ✓ Compiled /guru/budaya in 337ms (894 modules)
 GET /guru/budaya 200 in 421ms
 ✓ Compiled in 1034ms (1088 modules)
 GET /guru/budaya 200 in 344ms
 GET /guru/budaya 200 in 41ms
 GET /guru/budaya 200 in 39ms
 ○ Compiling /_error ...
 ✓ Compiled /_error in 764ms (1249 modules)
 GET /guru/budaya 200 in 352ms
 ⨯ A conflicting public file and page file was found for path /icon.png https://nextjs.org/docs/messages/conflicting-public-file-page
 GET /icon.png?3191d1133a3719cf 500 in 1318ms
 GET /guru/budaya 200 in 20ms
 ⨯ A conflicting public file and page file was found for path /icon.png https://nextjs.org/docs/messages/conflicting-public-file-page
 GET /icon.png?3191d1133a3719cf 500 in 255ms
 ✓ Compiled in 615ms (1263 modules)
 GET /guru/budaya 200 in 96ms
 ⨯ A conflicting public file and page file was found for path /icon.png https://nextjs.org/docs/messages/conflicting-public-file-page
 GET /icon.png 500 in 281ms
 ⨯ [Error: ENOENT: no such file or directory, open '/Users/ibnufajar/Documents/project/KANUM/.next/routes-manifest.json'] {
  errno: -2,
  code: 'ENOENT',
  syscall: 'open',
  path: '/Users/ibnufajar/Documents/project/KANUM/.next/routes-manifest.json',
  page: '/guru/budaya'
}
 ⨯ [Error: ENOENT: no such file or directory, open '/Users/ibnufajar/Documents/project/KANUM/.next/routes-manifest.json'] {
  errno: -2,
  code: 'ENOENT',
  syscall: 'open',
  path: '/Users/ibnufajar/Documents/project/KANUM/.next/routes-manifest.json'
}
[Error: ENOENT: no such file or directory, open '/Users/ibnufajar/Documents/project/KANUM/.next/routes-manifest.json'] {
  errno: -2,
  code: 'ENOENT',
  syscall: 'open',
  path: '/Users/ibnufajar/Documents/project/KANUM/.next/routes-manifest.json',
  page: '/guru/budaya'
}
 GET /guru/budaya 500 in 4262ms
 GET /guru/budaya 500 in 232ms
 ⨯ Error: Could not find the module "/Users/ibnufajar/Documents/project/KANUM/node_modules/next/dist/next-devtools/userspace/app/segment-explorer-node.js#SegmentViewNode" in the React Client Manifest. This is probably a bug in the React Server Components bundler.
    at stringify (<anonymous>) {
  digest: '3776508946'
}
 ⨯ Error: Could not find the module "/Users/ibnufajar/Documents/project/KANUM/node_modules/next/dist/next-devtools/userspace/app/segment-explorer-node.js#SegmentViewNode" in the React Client Manifest. This is probably a bug in the React Server Components bundler.
    at stringify (<anonymous>)
    at stringify (<anonymous>) {
  digest: '1152228797'
}
 ⨯ Error: Could not find the module "/Users/ibnufajar/Documents/project/KANUM/node_modules/next/dist/next-devtools/userspace/app/segment-explorer-node.js#SegmentViewNode" in the React Client Manifest. This is probably a bug in the React Server Components bundler.
    at stringify (<anonymous>)
    at stringify (<anonymous>) {
  digest: '1152228797'
}
 ⨯ Error: Could not find the module "/Users/ibnufajar/Documents/project/KANUM/node_modules/next/dist/next-devtools/userspace/app/segment-explorer-node.js#SegmentViewNode" in the React Client Manifest. This is probably a bug in the React Server Components bundler.
    at stringify (<anonymous>)
    at stringify (<anonymous>) {
  digest: '1152228797'
}
 ⨯ Error: Could not find the module "/Users/ibnufajar/Documents/project/KANUM/node_modules/next/dist/next-devtools/userspace/app/segment-explorer-node.js#SegmentViewNode" in the React Client Manifest. This is probably a bug in the React Server Components bundler.
    at stringify (<anonymous>) {
  digest: '3776508946'
}
 ⨯ Error: Could not find the module "/Users/ibnufajar/Documents/project/KANUM/node_modules/next/dist/next-devtools/userspace/app/segment-explorer-node.js#SegmentViewNode" in the React Client Manifest. This is probably a bug in the React Server Components bundler.
    at stringify (<anonymous>) {
  digest: '3776508946'
}
 ⨯ Error: Could not find the module "/Users/ibnufajar/Documents/project/KANUM/node_modules/next/dist/next-devtools/userspace/app/segment-explorer-node.js#SegmentViewNode" in the React Client Manifest. This is probably a bug in the React Server Components bundler.
    at stringify (<anonymous>) {
  digest: '3776508946'
}
 ⨯ Error: Could not find the module "/Users/ibnufajar/Documents/project/KANUM/node_modules/next/dist/next-devtools/userspace/app/segment-explorer-node.js#SegmentViewNode" in the React Client Manifest. This is probably a bug in the React Server Components bundler.
    at stringify (<anonymous>) {
  digest: '3776508946'
}
 ⨯ Error: Could not find the module "/Users/ibnufajar/Documents/project/KANUM/node_modules/next/dist/next-devtools/userspace/app/segment-explorer-node.js#SegmentViewNode" in the React Client Manifest. This is probably a bug in the React Server Components bundler.
    at stringify (<anonymous>) {
  digest: '3776508946'
}
 ⨯ Error: Could not find the module "/Users/ibnufajar/Documents/project/KANUM/node_modules/next/dist/next-devtools/userspace/app/segment-explorer-node.js#SegmentViewNode" in the React Client Manifest. This is probably a bug in the React Server Components bundler.
    at stringify (<anonymous>) {
  digest: '3776508946'
}
 ⨯ [TypeError: __webpack_modules__[moduleId] is not a function] {
  digest: '599101328'
}
 ⨯ Error: Could not find the module "/Users/ibnufajar/Documents/project/KANUM/node_modules/next/dist/next-devtools/userspace/app/segment-explorer-node.js#SegmentViewNode" in the React Client Manifest. This is probably a bug in the React Server Components bundler.
    at stringify (<anonymous>) {
  digest: '3776508946'
}
[TypeError: __webpack_modules__[moduleId] is not a function]
 ⨯ [TypeError: __webpack_modules__[moduleId] is not a function]
 ⨯ [TypeError: __webpack_modules__[moduleId] is not a function] {
  page: '/guru/budaya'
}
 GET /guru/budaya 500 in 2126ms
 ⨯ Error: Could not find the module "/Users/ibnufajar/Documents/project/KANUM/node_modules/next/dist/next-devtools/userspace/app/segment-explorer-node.js#SegmentViewNode" in the React Client Manifest. This is probably a bug in the React Server Components bundler.
    at stringify (<anonymous>) {
  digest: '2857186118'
}
 ✓ Compiled in 733ms (506 modules)
 GET /guru/budaya 200 in 675ms
 ✓ Compiled /_error in 398ms (1249 modules)
 ⨯ A conflicting public file and page file was found for path /icon.png https://nextjs.org/docs/messages/conflicting-public-file-page
 GET /icon.png 500 in 652ms
 ✓ Compiled in 508ms (1263 modules)
 GET /guru/budaya 200 in 675ms
 ⨯ Error: Cannot find module './5611.js'
Require stack:
- /Users/ibnufajar/Documents/project/KANUM/.next/server/webpack-runtime.js
- /Users/ibnufajar/Documents/project/KANUM/.next/server/app/(guru)/guru/budaya/page.js
- /Users/ibnufajar/Documents/project/KANUM/node_modules/next/dist/server/require.js
- /Users/ibnufajar/Documents/project/KANUM/node_modules/next/dist/server/load-components.js
- /Users/ibnufajar/Documents/project/KANUM/node_modules/next/dist/build/utils.js
- /Users/ibnufajar/Documents/project/KANUM/node_modules/next/dist/build/swc/options.js
- /Users/ibnufajar/Documents/project/KANUM/node_modules/next/dist/build/swc/index.js
- /Users/ibnufajar/Documents/project/KANUM/node_modules/next/dist/build/next-config-ts/transpile-config.js
- /Users/ibnufajar/Documents/project/KANUM/node_modules/next/dist/server/config.js
- /Users/ibnufajar/Documents/project/KANUM/node_modules/next/dist/server/next.js
- /Users/ibnufajar/Documents/project/KANUM/node_modules/next/dist/server/lib/start-server.js
    at <unknown> (.next/server/pages/_document.js:1:327)
    at Object.<anonymous> (.next/server/pages/_document.js:1:374) {
  code: 'MODULE_NOT_FOUND',
  requireStack: [Array]
}
 ⨯ A conflicting public file and page file was found for path /icon.png https://nextjs.org/docs/messages/conflicting-public-file-page
 GET /icon.png?3191d1133a3719cf 500 in 89ms
 ✓ Compiled in 831ms (1263 modules)
 ✓ Compiled in 369ms (1263 modules)
 GET /guru/budaya 200 in 598ms
 ⨯ A conflicting public file and page file was found for path /icon.png https://nextjs.org/docs/messages/conflicting-public-file-page
 GET /icon.png 500 in 324ms
 ○ Compiling /guru/kelas ...
 ✓ Compiled /guru/kelas in 502ms (758 modules)
 ✓ Compiled (764 modules)
 ⨯ Error: Cannot find module './1331.js'
Require stack:
- /Users/ibnufajar/Documents/project/KANUM/.next/server/webpack-runtime.js
- /Users/ibnufajar/Documents/project/KANUM/.next/server/app/(guru)/guru/soal/page.js
- /Users/ibnufajar/Documents/project/KANUM/node_modules/next/dist/server/require.js
- /Users/ibnufajar/Documents/project/KANUM/node_modules/next/dist/server/load-components.js
- /Users/ibnufajar/Documents/project/KANUM/node_modules/next/dist/build/utils.js
- /Users/ibnufajar/Documents/project/KANUM/node_modules/next/dist/build/swc/options.js
- /Users/ibnufajar/Documents/project/KANUM/node_modules/next/dist/build/swc/index.js
- /Users/ibnufajar/Documents/project/KANUM/node_modules/next/dist/build/next-config-ts/transpile-config.js
- /Users/ibnufajar/Documents/project/KANUM/node_modules/next/dist/server/config.js
- /Users/ibnufajar/Documents/project/KANUM/node_modules/next/dist/server/next.js
- /Users/ibnufajar/Documents/project/KANUM/node_modules/next/dist/server/lib/start-server.js
    at <unknown> (.next/server/app/(guru)/guru/soal/page.js:2:8116)
    at Object.<anonymous> (.next/server/app/(guru)/guru/soal/page.js:2:8193) {
  code: 'MODULE_NOT_FOUND',
  requireStack: [Array],
  page: '/guru/soal'
}
 ⨯ Error: Cannot find module './1331.js'
Require stack:
- /Users/ibnufajar/Documents/project/KANUM/.next/server/webpack-runtime.js
- /Users/ibnufajar/Documents/project/KANUM/.next/server/app/(guru)/guru/soal/page.js
- /Users/ibnufajar/Documents/project/KANUM/node_modules/next/dist/server/require.js
- /Users/ibnufajar/Documents/project/KANUM/node_modules/next/dist/server/load-components.js
- /Users/ibnufajar/Documents/project/KANUM/node_modules/next/dist/build/utils.js
- /Users/ibnufajar/Documents/project/KANUM/node_modules/next/dist/build/swc/options.js
- /Users/ibnufajar/Documents/project/KANUM/node_modules/next/dist/build/swc/index.js
- /Users/ibnufajar/Documents/project/KANUM/node_modules/next/dist/build/next-config-ts/transpile-config.js
- /Users/ibnufajar/Documents/project/KANUM/node_modules/next/dist/server/config.js
- /Users/ibnufajar/Documents/project/KANUM/node_modules/next/dist/server/next.js
- /Users/ibnufajar/Documents/project/KANUM/node_modules/next/dist/server/lib/start-server.js
    at <unknown> (.next/server/app/(guru)/guru/progres/page.js:2:7515)
    at Object.<anonymous> (.next/server/app/(guru)/guru/progres/page.js:2:7591) {
  code: 'MODULE_NOT_FOUND',
  requireStack: [Array],
  page: '/guru/progres'
}
 ⨯ Error: Cannot find module './1331.js'
Require stack:
- /Users/ibnufajar/Documents/project/KANUM/.next/server/webpack-runtime.js
- /Users/ibnufajar/Documents/project/KANUM/.next/server/app/(guru)/guru/soal/page.js
- /Users/ibnufajar/Documents/project/KANUM/node_modules/next/dist/server/require.js
- /Users/ibnufajar/Documents/project/KANUM/node_modules/next/dist/server/load-components.js
- /Users/ibnufajar/Documents/project/KANUM/node_modules/next/dist/build/utils.js
- /Users/ibnufajar/Documents/project/KANUM/node_modules/next/dist/build/swc/options.js
- /Users/ibnufajar/Documents/project/KANUM/node_modules/next/dist/build/swc/index.js
- /Users/ibnufajar/Documents/project/KANUM/node_modules/next/dist/build/next-config-ts/transpile-config.js
- /Users/ibnufajar/Documents/project/KANUM/node_modules/next/dist/server/config.js
- /Users/ibnufajar/Documents/project/KANUM/node_modules/next/dist/server/next.js
- /Users/ibnufajar/Documents/project/KANUM/node_modules/next/dist/server/lib/start-server.js
    at <unknown> (.next/server/app/(guru)/guru/latihan/page.js:2:7422)
    at Object.<anonymous> (.next/server/app/(guru)/guru/latihan/page.js:2:7499) {
  code: 'MODULE_NOT_FOUND',
  requireStack: [Array],
  page: '/guru/latihan'
}
 GET /guru 200 in 917ms
 GET /guru/kelas 200 in 566ms
 ⨯ Error: Cannot find module './5611.js'
Require stack:
- /Users/ibnufajar/Documents/project/KANUM/.next/server/webpack-runtime.js
- /Users/ibnufajar/Documents/project/KANUM/.next/server/app/(guru)/guru/soal/page.js
- /Users/ibnufajar/Documents/project/KANUM/node_modules/next/dist/server/require.js
- /Users/ibnufajar/Documents/project/KANUM/node_modules/next/dist/server/load-components.js
- /Users/ibnufajar/Documents/project/KANUM/node_modules/next/dist/build/utils.js
- /Users/ibnufajar/Documents/project/KANUM/node_modules/next/dist/build/swc/options.js
- /Users/ibnufajar/Documents/project/KANUM/node_modules/next/dist/build/swc/index.js
- /Users/ibnufajar/Documents/project/KANUM/node_modules/next/dist/build/next-config-ts/transpile-config.js
- /Users/ibnufajar/Documents/project/KANUM/node_modules/next/dist/server/config.js
- /Users/ibnufajar/Documents/project/KANUM/node_modules/next/dist/server/next.js
- /Users/ibnufajar/Documents/project/KANUM/node_modules/next/dist/server/lib/start-server.js
    at <unknown> (.next/server/pages/_document.js:1:327)
    at Object.<anonymous> (.next/server/pages/_document.js:1:374) {
  code: 'MODULE_NOT_FOUND',
  requireStack: [Array]
}
 ⨯ Error: Cannot find module './5611.js'
Require stack:
- /Users/ibnufajar/Documents/project/KANUM/.next/server/webpack-runtime.js
- /Users/ibnufajar/Documents/project/KANUM/.next/server/app/(guru)/guru/soal/page.js
- /Users/ibnufajar/Documents/project/KANUM/node_modules/next/dist/server/require.js
- /Users/ibnufajar/Documents/project/KANUM/node_modules/next/dist/server/load-components.js
- /Users/ibnufajar/Documents/project/KANUM/node_modules/next/dist/build/utils.js
- /Users/ibnufajar/Documents/project/KANUM/node_modules/next/dist/build/swc/options.js
- /Users/ibnufajar/Documents/project/KANUM/node_modules/next/dist/build/swc/index.js
- /Users/ibnufajar/Documents/project/KANUM/node_modules/next/dist/build/next-config-ts/transpile-config.js
- /Users/ibnufajar/Documents/project/KANUM/node_modules/next/dist/server/config.js
- /Users/ibnufajar/Documents/project/KANUM/node_modules/next/dist/server/next.js
- /Users/ibnufajar/Documents/project/KANUM/node_modules/next/dist/server/lib/start-server.js
    at <unknown> (.next/server/pages/_document.js:1:327)
    at Object.<anonymous> (.next/server/pages/_document.js:1:374) {
  code: 'MODULE_NOT_FOUND',
  requireStack: [Array]
}
 ⨯ Error: Cannot find module './5611.js'
Require stack:
- /Users/ibnufajar/Documents/project/KANUM/.next/server/webpack-runtime.js
- /Users/ibnufajar/Documents/project/KANUM/.next/server/app/(guru)/guru/soal/page.js
- /Users/ibnufajar/Documents/project/KANUM/node_modules/next/dist/server/require.js
- /Users/ibnufajar/Documents/project/KANUM/node_modules/next/dist/server/load-components.js
- /Users/ibnufajar/Documents/project/KANUM/node_modules/next/dist/build/utils.js
- /Users/ibnufajar/Documents/project/KANUM/node_modules/next/dist/build/swc/options.js
- /Users/ibnufajar/Documents/project/KANUM/node_modules/next/dist/build/swc/index.js
- /Users/ibnufajar/Documents/project/KANUM/node_modules/next/dist/build/next-config-ts/transpile-config.js
- /Users/ibnufajar/Documents/project/KANUM/node_modules/next/dist/server/config.js
- /Users/ibnufajar/Documents/project/KANUM/node_modules/next/dist/server/next.js
- /Users/ibnufajar/Documents/project/KANUM/node_modules/next/dist/server/lib/start-server.js
    at <unknown> (.next/server/pages/_document.js:1:327)
    at Object.<anonymous> (.next/server/pages/_document.js:1:374) {
  code: 'MODULE_NOT_FOUND',
  requireStack: [Array]
}
[TypeError: Cannot read properties of undefined (reading '/_app')]
[TypeError: Cannot read properties of undefined (reading '/_app')]
[TypeError: Cannot read properties of undefined (reading '/_app')]
 ⨯ [TypeError: Cannot read properties of undefined (reading '/_app')]
 ⨯ [TypeError: Cannot read properties of undefined (reading '/_app')]
 ⨯ [TypeError: Cannot read properties of undefined (reading '/_app')]
Error: Cannot find module './1331.js'
Require stack:
- /Users/ibnufajar/Documents/project/KANUM/.next/server/webpack-runtime.js
- /Users/ibnufajar/Documents/project/KANUM/.next/server/app/(guru)/guru/soal/page.js
- /Users/ibnufajar/Documents/project/KANUM/node_modules/next/dist/server/require.js
- /Users/ibnufajar/Documents/project/KANUM/node_modules/next/dist/server/load-components.js
- /Users/ibnufajar/Documents/project/KANUM/node_modules/next/dist/build/utils.js
- /Users/ibnufajar/Documents/project/KANUM/node_modules/next/dist/build/swc/options.js
- /Users/ibnufajar/Documents/project/KANUM/node_modules/next/dist/build/swc/index.js
- /Users/ibnufajar/Documents/project/KANUM/node_modules/next/dist/build/next-config-ts/transpile-config.js
- /Users/ibnufajar/Documents/project/KANUM/node_modules/next/dist/server/config.js
- /Users/ibnufajar/Documents/project/KANUM/node_modules/next/dist/server/next.js
- /Users/ibnufajar/Documents/project/KANUM/node_modules/next/dist/server/lib/start-server.js
    at <unknown> (.next/server/app/(guru)/guru/soal/page.js:2:8116)
    at Object.<anonymous> (.next/server/app/(guru)/guru/soal/page.js:2:8193) {
  code: 'MODULE_NOT_FOUND',
  requireStack: [Array],
  page: '/guru/soal'
}
Error: Cannot find module './1331.js'
Require stack:
- /Users/ibnufajar/Documents/project/KANUM/.next/server/webpack-runtime.js
- /Users/ibnufajar/Documents/project/KANUM/.next/server/app/(guru)/guru/soal/page.js
- /Users/ibnufajar/Documents/project/KANUM/node_modules/next/dist/server/require.js
- /Users/ibnufajar/Documents/project/KANUM/node_modules/next/dist/server/load-components.js
- /Users/ibnufajar/Documents/project/KANUM/node_modules/next/dist/build/utils.js
- /Users/ibnufajar/Documents/project/KANUM/node_modules/next/dist/build/swc/options.js
- /Users/ibnufajar/Documents/project/KANUM/node_modules/next/dist/build/swc/index.js
- /Users/ibnufajar/Documents/project/KANUM/node_modules/next/dist/build/next-config-ts/transpile-config.js
- /Users/ibnufajar/Documents/project/KANUM/node_modules/next/dist/server/config.js
- /Users/ibnufajar/Documents/project/KANUM/node_modules/next/dist/server/next.js
- /Users/ibnufajar/Documents/project/KANUM/node_modules/next/dist/server/lib/start-server.js
    at <unknown> (.next/server/app/(guru)/guru/progres/page.js:2:7515)
    at Object.<anonymous> (.next/server/app/(guru)/guru/progres/page.js:2:7591) {
  code: 'MODULE_NOT_FOUND',
  requireStack: [Array],
  page: '/guru/progres'
}
Error: Cannot find module './1331.js'
Require stack:
- /Users/ibnufajar/Documents/project/KANUM/.next/server/webpack-runtime.js
- /Users/ibnufajar/Documents/project/KANUM/.next/server/app/(guru)/guru/soal/page.js
- /Users/ibnufajar/Documents/project/KANUM/node_modules/next/dist/server/require.js
- /Users/ibnufajar/Documents/project/KANUM/node_modules/next/dist/server/load-components.js
- /Users/ibnufajar/Documents/project/KANUM/node_modules/next/dist/build/utils.js
- /Users/ibnufajar/Documents/project/KANUM/node_modules/next/dist/build/swc/options.js
- /Users/ibnufajar/Documents/project/KANUM/node_modules/next/dist/build/swc/index.js
- /Users/ibnufajar/Documents/project/KANUM/node_modules/next/dist/build/next-config-ts/transpile-config.js
- /Users/ibnufajar/Documents/project/KANUM/node_modules/next/dist/server/config.js
- /Users/ibnufajar/Documents/project/KANUM/node_modules/next/dist/server/next.js
- /Users/ibnufajar/Documents/project/KANUM/node_modules/next/dist/server/lib/start-server.js
    at <unknown> (.next/server/app/(guru)/guru/latihan/page.js:2:7422)
    at Object.<anonymous> (.next/server/app/(guru)/guru/latihan/page.js:2:7499) {
  code: 'MODULE_NOT_FOUND',
  requireStack: [Array],
  page: '/guru/latihan'
}
 ⨯ Error: Cannot find module './5611.js'
Require stack:
- /Users/ibnufajar/Documents/project/KANUM/.next/server/webpack-runtime.js
- /Users/ibnufajar/Documents/project/KANUM/.next/server/app/(guru)/guru/soal/page.js
- /Users/ibnufajar/Documents/project/KANUM/node_modules/next/dist/server/require.js
- /Users/ibnufajar/Documents/project/KANUM/node_modules/next/dist/server/load-components.js
- /Users/ibnufajar/Documents/project/KANUM/node_modules/next/dist/build/utils.js
- /Users/ibnufajar/Documents/project/KANUM/node_modules/next/dist/build/swc/options.js
- /Users/ibnufajar/Documents/project/KANUM/node_modules/next/dist/build/swc/index.js
- /Users/ibnufajar/Documents/project/KANUM/node_modules/next/dist/build/next-config-ts/transpile-config.js
- /Users/ibnufajar/Documents/project/KANUM/node_modules/next/dist/server/config.js
- /Users/ibnufajar/Documents/project/KANUM/node_modules/next/dist/server/next.js
- /Users/ibnufajar/Documents/project/KANUM/node_modules/next/dist/server/lib/start-server.js
    at <unknown> (.next/server/pages/_document.js:1:327)
    at Object.<anonymous> (.next/server/pages/_document.js:1:374) {
  code: 'MODULE_NOT_FOUND',
  requireStack: [Array]
}
 ⨯ Error: Cannot find module './5611.js'
Require stack:
- /Users/ibnufajar/Documents/project/KANUM/.next/server/webpack-runtime.js
- /Users/ibnufajar/Documents/project/KANUM/.next/server/app/(guru)/guru/soal/page.js
- /Users/ibnufajar/Documents/project/KANUM/node_modules/next/dist/server/require.js
- /Users/ibnufajar/Documents/project/KANUM/node_modules/next/dist/server/load-components.js
- /Users/ibnufajar/Documents/project/KANUM/node_modules/next/dist/build/utils.js
- /Users/ibnufajar/Documents/project/KANUM/node_modules/next/dist/build/swc/options.js
- /Users/ibnufajar/Documents/project/KANUM/node_modules/next/dist/build/swc/index.js
- /Users/ibnufajar/Documents/project/KANUM/node_modules/next/dist/build/next-config-ts/transpile-config.js
- /Users/ibnufajar/Documents/project/KANUM/node_modules/next/dist/server/config.js
- /Users/ibnufajar/Documents/project/KANUM/node_modules/next/dist/server/next.js
- /Users/ibnufajar/Documents/project/KANUM/node_modules/next/dist/server/lib/start-server.js
    at <unknown> (.next/server/pages/_document.js:1:327)
    at Object.<anonymous> (.next/server/pages/_document.js:1:374) {
  code: 'MODULE_NOT_FOUND',
  requireStack: [Array]
}
 ⨯ Error: Cannot find module './5611.js'
Require stack:
- /Users/ibnufajar/Documents/project/KANUM/.next/server/webpack-runtime.js
- /Users/ibnufajar/Documents/project/KANUM/.next/server/app/(guru)/guru/soal/page.js
- /Users/ibnufajar/Documents/project/KANUM/node_modules/next/dist/server/require.js
- /Users/ibnufajar/Documents/project/KANUM/node_modules/next/dist/server/load-components.js
- /Users/ibnufajar/Documents/project/KANUM/node_modules/next/dist/build/utils.js
- /Users/ibnufajar/Documents/project/KANUM/node_modules/next/dist/build/swc/options.js
- /Users/ibnufajar/Documents/project/KANUM/node_modules/next/dist/build/swc/index.js
- /Users/ibnufajar/Documents/project/KANUM/node_modules/next/dist/build/next-config-ts/transpile-config.js
- /Users/ibnufajar/Documents/project/KANUM/node_modules/next/dist/server/config.js
- /Users/ibnufajar/Documents/project/KANUM/node_modules/next/dist/server/next.js
- /Users/ibnufajar/Documents/project/KANUM/node_modules/next/dist/server/lib/start-server.js
    at <unknown> (.next/server/pages/_document.js:1:327)
    at Object.<anonymous> (.next/server/pages/_document.js:1:374) {
  code: 'MODULE_NOT_FOUND',
  requireStack: [Array]
}
[TypeError: Cannot read properties of undefined (reading '/_app')]
[TypeError: Cannot read properties of undefined (reading '/_app')]
[TypeError: Cannot read properties of undefined (reading '/_app')]
 ⨯ [TypeError: Cannot read properties of undefined (reading '/_app')]
 ⨯ [TypeError: Cannot read properties of undefined (reading '/_app')]
 ⨯ [TypeError: Cannot read properties of undefined (reading '/_app')]
[TypeError: Cannot read properties of undefined (reading '/_app')]
[TypeError: Cannot read properties of undefined (reading '/_app')]
[TypeError: Cannot read properties of undefined (reading '/_app')]
 GET /guru/soal 500 in 750ms
 GET /guru/soal 500 in 75ms
 GET /guru/progres 500 in 749ms
 GET /guru/progres 500 in 75ms
 GET /guru/latihan 500 in 765ms
 GET /guru/latihan 500 in 75ms
 ⨯ Error: Cannot find module './1331.js'
Require stack:
- /Users/ibnufajar/Documents/project/KANUM/.next/server/webpack-runtime.js
- /Users/ibnufajar/Documents/project/KANUM/.next/server/app/(guru)/guru/soal/page.js
- /Users/ibnufajar/Documents/project/KANUM/node_modules/next/dist/server/require.js
- /Users/ibnufajar/Documents/project/KANUM/node_modules/next/dist/server/load-components.js
- /Users/ibnufajar/Documents/project/KANUM/node_modules/next/dist/build/utils.js
- /Users/ibnufajar/Documents/project/KANUM/node_modules/next/dist/build/swc/options.js
- /Users/ibnufajar/Documents/project/KANUM/node_modules/next/dist/build/swc/index.js
- /Users/ibnufajar/Documents/project/KANUM/node_modules/next/dist/build/next-config-ts/transpile-config.js
- /Users/ibnufajar/Documents/project/KANUM/node_modules/next/dist/server/config.js
- /Users/ibnufajar/Documents/project/KANUM/node_modules/next/dist/server/next.js
- /Users/ibnufajar/Documents/project/KANUM/node_modules/next/dist/server/lib/start-server.js
    at <unknown> (.next/server/app/(guru)/guru/materi/page.js:2:8420)
    at Object.<anonymous> (.next/server/app/(guru)/guru/materi/page.js:2:8497) {
  code: 'MODULE_NOT_FOUND',
  requireStack: [Array],
  page: '/guru/materi'
}
 ⨯ Error: Cannot find module './5611.js'
Require stack:
- /Users/ibnufajar/Documents/project/KANUM/.next/server/webpack-runtime.js
- /Users/ibnufajar/Documents/project/KANUM/.next/server/app/(guru)/guru/soal/page.js
- /Users/ibnufajar/Documents/project/KANUM/node_modules/next/dist/server/require.js
- /Users/ibnufajar/Documents/project/KANUM/node_modules/next/dist/server/load-components.js
- /Users/ibnufajar/Documents/project/KANUM/node_modules/next/dist/build/utils.js
- /Users/ibnufajar/Documents/project/KANUM/node_modules/next/dist/build/swc/options.js
- /Users/ibnufajar/Documents/project/KANUM/node_modules/next/dist/build/swc/index.js
- /Users/ibnufajar/Documents/project/KANUM/node_modules/next/dist/build/next-config-ts/transpile-config.js
- /Users/ibnufajar/Documents/project/KANUM/node_modules/next/dist/server/config.js
- /Users/ibnufajar/Documents/project/KANUM/node_modules/next/dist/server/next.js
- /Users/ibnufajar/Documents/project/KANUM/node_modules/next/dist/server/lib/start-server.js
    at <unknown> (.next/server/pages/_document.js:1:327)
    at Object.<anonymous> (.next/server/pages/_document.js:1:374) {
  code: 'MODULE_NOT_FOUND',
  requireStack: [Array]
}
[TypeError: Cannot read properties of undefined (reading '/_app')]
 ⨯ [TypeError: Cannot read properties of undefined (reading '/_app')]
Error: Cannot find module './1331.js'
Require stack:
- /Users/ibnufajar/Documents/project/KANUM/.next/server/webpack-runtime.js
- /Users/ibnufajar/Documents/project/KANUM/.next/server/app/(guru)/guru/soal/page.js
- /Users/ibnufajar/Documents/project/KANUM/node_modules/next/dist/server/require.js
- /Users/ibnufajar/Documents/project/KANUM/node_modules/next/dist/server/load-components.js
- /Users/ibnufajar/Documents/project/KANUM/node_modules/next/dist/build/utils.js
- /Users/ibnufajar/Documents/project/KANUM/node_modules/next/dist/build/swc/options.js
- /Users/ibnufajar/Documents/project/KANUM/node_modules/next/dist/build/swc/index.js
- /Users/ibnufajar/Documents/project/KANUM/node_modules/next/dist/build/next-config-ts/transpile-config.js
- /Users/ibnufajar/Documents/project/KANUM/node_modules/next/dist/server/config.js
- /Users/ibnufajar/Documents/project/KANUM/node_modules/next/dist/server/next.js
- /Users/ibnufajar/Documents/project/KANUM/node_modules/next/dist/server/lib/start-server.js
    at <unknown> (.next/server/app/(guru)/guru/materi/page.js:2:8420)
    at Object.<anonymous> (.next/server/app/(guru)/guru/materi/page.js:2:8497) {
  code: 'MODULE_NOT_FOUND',
  requireStack: [Array],
  page: '/guru/materi'
}
 ⨯ Error: Cannot find module './5611.js'
Require stack:
- /Users/ibnufajar/Documents/project/KANUM/.next/server/webpack-runtime.js
- /Users/ibnufajar/Documents/project/KANUM/.next/server/app/(guru)/guru/soal/page.js
- /Users/ibnufajar/Documents/project/KANUM/node_modules/next/dist/server/require.js
- /Users/ibnufajar/Documents/project/KANUM/node_modules/next/dist/server/load-components.js
- /Users/ibnufajar/Documents/project/KANUM/node_modules/next/dist/build/utils.js
- /Users/ibnufajar/Documents/project/KANUM/node_modules/next/dist/build/swc/options.js
- /Users/ibnufajar/Documents/project/KANUM/node_modules/next/dist/build/swc/index.js
- /Users/ibnufajar/Documents/project/KANUM/node_modules/next/dist/build/next-config-ts/transpile-config.js
- /Users/ibnufajar/Documents/project/KANUM/node_modules/next/dist/server/config.js
- /Users/ibnufajar/Documents/project/KANUM/node_modules/next/dist/server/next.js
- /Users/ibnufajar/Documents/project/KANUM/node_modules/next/dist/server/lib/start-server.js
    at <unknown> (.next/server/pages/_document.js:1:327)
    at Object.<anonymous> (.next/server/pages/_document.js:1:374) {
  code: 'MODULE_NOT_FOUND',
  requireStack: [Array]
}
[TypeError: Cannot read properties of undefined (reading '/_app')]
 ⨯ [TypeError: Cannot read properties of undefined (reading '/_app')]
[TypeError: Cannot read properties of undefined (reading '/_app')]
 GET /guru/materi 500 in 85ms
 GET /guru/materi 500 in 23ms
 ⨯ Error: Could not find the module "/Users/ibnufajar/Documents/project/KANUM/node_modules/next/dist/next-devtools/userspace/app/segment-explorer-node.js#SegmentViewNode" in the React Client Manifest. This is probably a bug in the React Server Components bundler.
    at stringify (<anonymous>) {
  digest: '3776508946'
}
 ⨯ Error: Could not find the module "/Users/ibnufajar/Documents/project/KANUM/node_modules/next/dist/next-devtools/userspace/app/segment-explorer-node.js#SegmentViewNode" in the React Client Manifest. This is probably a bug in the React Server Components bundler.
    at stringify (<anonymous>)
    at stringify (<anonymous>) {
  digest: '1152228797'
}
 ⨯ Error: Could not find the module "/Users/ibnufajar/Documents/project/KANUM/node_modules/next/dist/next-devtools/userspace/app/segment-explorer-node.js#SegmentViewNode" in the React Client Manifest. This is probably a bug in the React Server Components bundler.
    at stringify (<anonymous>)
    at stringify (<anonymous>) {
  digest: '1152228797'
}
 ⨯ Error: Could not find the module "/Users/ibnufajar/Documents/project/KANUM/node_modules/next/dist/next-devtools/userspace/app/segment-explorer-node.js#SegmentViewNode" in the React Client Manifest. This is probably a bug in the React Server Components bundler.
    at stringify (<anonymous>)
    at stringify (<anonymous>) {
  digest: '1152228797'
}
 ⨯ Error: Could not find the module "/Users/ibnufajar/Documents/project/KANUM/node_modules/next/dist/next-devtools/userspace/app/segment-explorer-node.js#SegmentViewNode" in the React Client Manifest. This is probably a bug in the React Server Components bundler.
    at stringify (<anonymous>) {
  digest: '3776508946'
}
 ⨯ Error: Could not find the module "/Users/ibnufajar/Documents/project/KANUM/node_modules/next/dist/next-devtools/userspace/app/segment-explorer-node.js#SegmentViewNode" in the React Client Manifest. This is probably a bug in the React Server Components bundler.
    at stringify (<anonymous>) {
  digest: '3776508946'
}
 ⨯ Error: Could not find the module "/Users/ibnufajar/Documents/project/KANUM/node_modules/next/dist/next-devtools/userspace/app/segment-explorer-node.js#SegmentViewNode" in the React Client Manifest. This is probably a bug in the React Server Components bundler.
    at stringify (<anonymous>) {
  digest: '3776508946'
}
 ⨯ Error: Could not find the module "/Users/ibnufajar/Documents/project/KANUM/node_modules/next/dist/next-devtools/userspace/app/segment-explorer-node.js#SegmentViewNode" in the React Client Manifest. This is probably a bug in the React Server Components bundler.
    at stringify (<anonymous>) {
  digest: '3776508946'
}
 ⨯ Error: Could not find the module "/Users/ibnufajar/Documents/project/KANUM/node_modules/next/dist/next-devtools/userspace/app/segment-explorer-node.js#SegmentViewNode" in the React Client Manifest. This is probably a bug in the React Server Components bundler.
    at stringify (<anonymous>) {
  digest: '3776508946'
}
 ⨯ Error: Could not find the module "/Users/ibnufajar/Documents/project/KANUM/node_modules/next/dist/next-devtools/userspace/app/segment-explorer-node.js#SegmentViewNode" in the React Client Manifest. This is probably a bug in the React Server Components bundler.
    at stringify (<anonymous>) {
  digest: '3776508946'
}
 ⨯ [TypeError: __webpack_modules__[moduleId] is not a function] {
  digest: '599101328'
}
 ⨯ Error: Could not find the module "/Users/ibnufajar/Documents/project/KANUM/node_modules/next/dist/next-devtools/userspace/app/segment-explorer-node.js#SegmentViewNode" in the React Client Manifest. This is probably a bug in the React Server Components bundler.
    at stringify (<anonymous>) {
  digest: '3776508946'
}
[TypeError: __webpack_modules__[moduleId] is not a function]
 ⨯ [TypeError: __webpack_modules__[moduleId] is not a function]
 ⨯ [TypeError: __webpack_modules__[moduleId] is not a function] {
  page: '/guru'
}
 GET /guru 500 in 2130ms
 ⨯ Error: Cannot find module './5611.js'
Require stack:
- /Users/ibnufajar/Documents/project/KANUM/.next/server/webpack-runtime.js
- /Users/ibnufajar/Documents/project/KANUM/.next/server/app/(guru)/guru/soal/page.js
- /Users/ibnufajar/Documents/project/KANUM/node_modules/next/dist/server/require.js
- /Users/ibnufajar/Documents/project/KANUM/node_modules/next/dist/server/load-components.js
- /Users/ibnufajar/Documents/project/KANUM/node_modules/next/dist/build/utils.js
- /Users/ibnufajar/Documents/project/KANUM/node_modules/next/dist/build/swc/options.js
- /Users/ibnufajar/Documents/project/KANUM/node_modules/next/dist/build/swc/index.js
- /Users/ibnufajar/Documents/project/KANUM/node_modules/next/dist/build/next-config-ts/transpile-config.js
- /Users/ibnufajar/Documents/project/KANUM/node_modules/next/dist/server/config.js
- /Users/ibnufajar/Documents/project/KANUM/node_modules/next/dist/server/next.js
- /Users/ibnufajar/Documents/project/KANUM/node_modules/next/dist/server/lib/start-server.js
    at <unknown> (.next/server/pages/_document.js:1:327)
    at Object.<anonymous> (.next/server/pages/_document.js:1:374) {
  code: 'MODULE_NOT_FOUND',
  requireStack: [Array]
}
[TypeError: Cannot read properties of undefined (reading '/_app')]
 ⨯ [TypeError: Cannot read properties of undefined (reading '/_app')]
[TypeError: __webpack_modules__[moduleId] is not a function] {
  page: '/guru'
}
 ⨯ Error: Cannot find module './5611.js'
Require stack:
- /Users/ibnufajar/Documents/project/KANUM/.next/server/webpack-runtime.js
- /Users/ibnufajar/Documents/project/KANUM/.next/server/app/(guru)/guru/soal/page.js
- /Users/ibnufajar/Documents/project/KANUM/node_modules/next/dist/server/require.js
- /Users/ibnufajar/Documents/project/KANUM/node_modules/next/dist/server/load-components.js
- /Users/ibnufajar/Documents/project/KANUM/node_modules/next/dist/build/utils.js
- /Users/ibnufajar/Documents/project/KANUM/node_modules/next/dist/build/swc/options.js
- /Users/ibnufajar/Documents/project/KANUM/node_modules/next/dist/build/swc/index.js
- /Users/ibnufajar/Documents/project/KANUM/node_modules/next/dist/build/next-config-ts/transpile-config.js
- /Users/ibnufajar/Documents/project/KANUM/node_modules/next/dist/server/config.js
- /Users/ibnufajar/Documents/project/KANUM/node_modules/next/dist/server/next.js
- /Users/ibnufajar/Documents/project/KANUM/node_modules/next/dist/server/lib/start-server.js
    at <unknown> (.next/server/pages/_document.js:1:327)
    at Object.<anonymous> (.next/server/pages/_document.js:1:374) {
  code: 'MODULE_NOT_FOUND',
  requireStack: [Array]
}
[TypeError: Cannot read properties of undefined (reading '/_app')]
 ⨯ [TypeError: Cannot read properties of undefined (reading '/_app')]
[TypeError: Cannot read properties of undefined (reading '/_app')]
 ⨯ Error: Could not find the module "/Users/ibnufajar/Documents/project/KANUM/node_modules/next/dist/next-devtools/userspace/app/segment-explorer-node.js#SegmentViewNode" in the React Client Manifest. This is probably a bug in the React Server Components bundler.
    at stringify (<anonymous>) {
  digest: '2857186118'
}
 ⨯ Error: Could not find the module "/Users/ibnufajar/Documents/project/KANUM/node_modules/next/dist/next-devtools/userspace/app/segment-explorer-node.js#SegmentViewNode" in the React Client Manifest. This is probably a bug in the React Server Components bundler.
    at stringify (<anonymous>) {
  digest: '3776508946'
}
 ⨯ Error: Could not find the module "/Users/ibnufajar/Documents/project/KANUM/node_modules/next/dist/next-devtools/userspace/app/segment-explorer-node.js#SegmentViewNode" in the React Client Manifest. This is probably a bug in the React Server Components bundler.
    at stringify (<anonymous>)
    at stringify (<anonymous>) {
  digest: '1152228797'
}
 ⨯ Error: Could not find the module "/Users/ibnufajar/Documents/project/KANUM/node_modules/next/dist/next-devtools/userspace/app/segment-explorer-node.js#SegmentViewNode" in the React Client Manifest. This is probably a bug in the React Server Components bundler.
    at stringify (<anonymous>)
    at stringify (<anonymous>) {
  digest: '1152228797'
}
 ⨯ Error: Could not find the module "/Users/ibnufajar/Documents/project/KANUM/node_modules/next/dist/next-devtools/userspace/app/segment-explorer-node.js#SegmentViewNode" in the React Client Manifest. This is probably a bug in the React Server Components bundler.
    at stringify (<anonymous>)
    at stringify (<anonymous>) {
  digest: '1152228797'
}
 ⨯ Error: Could not find the module "/Users/ibnufajar/Documents/project/KANUM/node_modules/next/dist/next-devtools/userspace/app/segment-explorer-node.js#SegmentViewNode" in the React Client Manifest. This is probably a bug in the React Server Components bundler.
    at stringify (<anonymous>) {
  digest: '3776508946'
}
 ⨯ Error: Could not find the module "/Users/ibnufajar/Documents/project/KANUM/node_modules/next/dist/next-devtools/userspace/app/segment-explorer-node.js#SegmentViewNode" in the React Client Manifest. This is probably a bug in the React Server Components bundler.
    at stringify (<anonymous>) {
  digest: '3776508946'
}
 ⨯ Error: Could not find the module "/Users/ibnufajar/Documents/project/KANUM/node_modules/next/dist/next-devtools/userspace/app/segment-explorer-node.js#SegmentViewNode" in the React Client Manifest. This is probably a bug in the React Server Components bundler.
    at stringify (<anonymous>) {
  digest: '3776508946'
}
 ⨯ Error: Could not find the module "/Users/ibnufajar/Documents/project/KANUM/node_modules/next/dist/next-devtools/userspace/app/segment-explorer-node.js#SegmentViewNode" in the React Client Manifest. This is probably a bug in the React Server Components bundler.
    at stringify (<anonymous>) {
  digest: '3776508946'
}
 ⨯ Error: Could not find the module "/Users/ibnufajar/Documents/project/KANUM/node_modules/next/dist/next-devtools/userspace/app/segment-explorer-node.js#SegmentViewNode" in the React Client Manifest. This is probably a bug in the React Server Components bundler.
    at stringify (<anonymous>) {
  digest: '3776508946'
}
 ⨯ Error: Could not find the module "/Users/ibnufajar/Documents/project/KANUM/node_modules/next/dist/next-devtools/userspace/app/segment-explorer-node.js#SegmentViewNode" in the React Client Manifest. This is probably a bug in the React Server Components bundler.
    at stringify (<anonymous>) {
  digest: '3776508946'
}
 ⨯ [TypeError: __webpack_modules__[moduleId] is not a function] {
  digest: '599101328'
}
 ⨯ Error: Could not find the module "/Users/ibnufajar/Documents/project/KANUM/node_modules/next/dist/next-devtools/userspace/app/segment-explorer-node.js#SegmentViewNode" in the React Client Manifest. This is probably a bug in the React Server Components bundler.
    at stringify (<anonymous>) {
  digest: '3776508946'
}
[TypeError: __webpack_modules__[moduleId] is not a function]
 ⨯ [TypeError: __webpack_modules__[moduleId] is not a function]
 ⨯ [TypeError: __webpack_modules__[moduleId] is not a function] {
  page: '/guru/kelas'
}
 ⨯ Error: Cannot find module './5611.js'
Require stack:
- /Users/ibnufajar/Documents/project/KANUM/.next/server/webpack-runtime.js
- /Users/ibnufajar/Documents/project/KANUM/.next/server/app/(guru)/guru/soal/page.js
- /Users/ibnufajar/Documents/project/KANUM/node_modules/next/dist/server/require.js
- /Users/ibnufajar/Documents/project/KANUM/node_modules/next/dist/server/load-components.js
- /Users/ibnufajar/Documents/project/KANUM/node_modules/next/dist/build/utils.js
- /Users/ibnufajar/Documents/project/KANUM/node_modules/next/dist/build/swc/options.js
- /Users/ibnufajar/Documents/project/KANUM/node_modules/next/dist/build/swc/index.js
- /Users/ibnufajar/Documents/project/KANUM/node_modules/next/dist/build/next-config-ts/transpile-config.js
- /Users/ibnufajar/Documents/project/KANUM/node_modules/next/dist/server/config.js
- /Users/ibnufajar/Documents/project/KANUM/node_modules/next/dist/server/next.js
- /Users/ibnufajar/Documents/project/KANUM/node_modules/next/dist/server/lib/start-server.js
    at <unknown> (.next/server/pages/_document.js:1:327)
    at Object.<anonymous> (.next/server/pages/_document.js:1:374) {
  code: 'MODULE_NOT_FOUND',
  requireStack: [Array]
}
[TypeError: Cannot read properties of undefined (reading '/_app')]
 ⨯ [TypeError: Cannot read properties of undefined (reading '/_app')]
[TypeError: __webpack_modules__[moduleId] is not a function] {
  page: '/guru/kelas'
}
 ⨯ Error: Cannot find module './5611.js'
Require stack:
- /Users/ibnufajar/Documents/project/KANUM/.next/server/webpack-runtime.js
- /Users/ibnufajar/Documents/project/KANUM/.next/server/app/(guru)/guru/soal/page.js
- /Users/ibnufajar/Documents/project/KANUM/node_modules/next/dist/server/require.js
- /Users/ibnufajar/Documents/project/KANUM/node_modules/next/dist/server/load-components.js
- /Users/ibnufajar/Documents/project/KANUM/node_modules/next/dist/build/utils.js
- /Users/ibnufajar/Documents/project/KANUM/node_modules/next/dist/build/swc/options.js
- /Users/ibnufajar/Documents/project/KANUM/node_modules/next/dist/build/swc/index.js
- /Users/ibnufajar/Documents/project/KANUM/node_modules/next/dist/build/next-config-ts/transpile-config.js
- /Users/ibnufajar/Documents/project/KANUM/node_modules/next/dist/server/config.js
- /Users/ibnufajar/Documents/project/KANUM/node_modules/next/dist/server/next.js
- /Users/ibnufajar/Documents/project/KANUM/node_modules/next/dist/server/lib/start-server.js
    at <unknown> (.next/server/pages/_document.js:1:327)
    at Object.<anonymous> (.next/server/pages/_document.js:1:374) {
  code: 'MODULE_NOT_FOUND',
  requireStack: [Array]
}
[TypeError: Cannot read properties of undefined (reading '/_app')]
 ⨯ [TypeError: Cannot read properties of undefined (reading '/_app')]
[TypeError: Cannot read properties of undefined (reading '/_app')]
 GET /guru/kelas 500 in 3035ms
 GET /guru/kelas 500 in 39ms
 ⨯ Error: Could not find the module "/Users/ibnufajar/Documents/project/KANUM/node_modules/next/dist/next-devtools/userspace/app/segment-explorer-node.js#SegmentViewNode" in the React Client Manifest. This is probably a bug in the React Server Components bundler.
    at stringify (<anonymous>) {
  digest: '2857186118'
}
